SourceFile,FileName,GPSLatitude,GPSLongitude,GPSAltitude
LUGASSON/lug00000045_560nm.tif,lug00000045_560nm.tif,44.7494368,-0.1698408,142.962997
LUGASSON/lug00000046_560nm.tif,lug00000046_560nm.tif,44.7495134,-0.1700829,140.263
LUGASSON/lug00000051_560nm.tif,lug00000051_560nm.tif,44.7501285,-0.1702718,144.863007
LUGASSON/lug00000056_560nm.tif,lug00000056_560nm.tif,44.7506826,-0.1703147,148.063004
LUGASSON/lug00000057_560nm.tif,lug00000057_560nm.tif,44.7507467,-0.1704632,144.863007
LUGASSON/lug00000060_560nm.tif,lug00000060_560nm.tif,44.7510638,-0.1707479,141.363007
LUGASSON/lug00000061_560nm.tif,lug00000061_560nm.tif,44.7511963,-0.1707271,141.063004
LUGASSON/lug00000065_560nm.tif,lug00000065_560nm.tif,44.7516972,-0.1707682,140.863007
LUGASSON/lug00000066_560nm.tif,lug00000066_560nm.tif,44.7517997,-0.1708496,140.962997
LUGASSON/lug00000067_560nm.tif,lug00000067_560nm.tif,44.7519092,-0.1709214,140.863007
LUGASSON/lug00000068_560nm.tif,lug00000068_560nm.tif,44.7520222,-0.1709741,140.563004
LUGASSON/lug00000069_560nm.tif,lug00000069_560nm.tif,44.7521467,-0.1710131,140.162994
LUGASSON/lug00000070_560nm.tif,lug00000070_560nm.tif,44.752267,-0.1710542,140.563004
LUGASSON/lug00000071_560nm.tif,lug00000071_560nm.tif,44.7523803,-0.1711018,141.962997
LUGASSON/lug00000073_560nm.tif,lug00000073_560nm.tif,44.7526143,-0.1711989,143.263
LUGASSON/lug00000074_560nm.tif,lug00000074_560nm.tif,44.7527426,-0.1712397,142.962997
LUGASSON/lug00000075_560nm.tif,lug00000075_560nm.tif,44.7528649,-0.1712754,141.962997
LUGASSON/lug00000076_560nm.tif,lug00000076_560nm.tif,44.7529833,-0.1713127,140.962997
LUGASSON/lug00000077_560nm.tif,lug00000077_560nm.tif,44.7531036,-0.1713526,140.063004
LUGASSON/lug00000078_560nm.tif,lug00000078_560nm.tif,44.7532293,-0.1714045,139.763
LUGASSON/lug00000080_560nm.tif,lug00000080_560nm.tif,44.7534749,-0.1715284,141.063004
LUGASSON/lug00000081_560nm.tif,lug00000081_560nm.tif,44.7536027,-0.1715889,141.962997
LUGASSON/lug00000082_560nm.tif,lug00000082_560nm.tif,44.7537402,-0.1716518,142.563004
LUGASSON/lug00000083_560nm.tif,lug00000083_560nm.tif,44.7538546,-0.1717142,143.662994
LUGASSON/lug00000084_560nm.tif,lug00000084_560nm.tif,44.7539793,-0.1717402,143.863007
LUGASSON/lug00000085_560nm.tif,lug00000085_560nm.tif,44.7541089,-0.1717477,143.763
LUGASSON/lug00000087_560nm.tif,lug00000087_560nm.tif,44.7543672,-0.171809,144.763
LUGASSON/lug00000088_560nm.tif,lug00000088_560nm.tif,44.7544906,-0.1718829,144.863007
LUGASSON/lug00000089_560nm.tif,lug00000089_560nm.tif,44.7546022,-0.1719719,144.363007
LUGASSON/lug00000090_560nm.tif,lug00000090_560nm.tif,44.7547188,-0.1720677,144.962997
LUGASSON/lug00000091_560nm.tif,lug00000091_560nm.tif,44.7548315,-0.1721376,147.462997
LUGASSON/lug00000092_560nm.tif,lug00000092_560nm.tif,44.7549446,-0.1721769,148.462997
LUGASSON/lug00000093_560nm.tif,lug00000093_560nm.tif,44.7550679,-0.1721799,147.363007
LUGASSON/lug00000099_560nm.tif,lug00000099_560nm.tif,44.7558634,-0.172337,148.162994
LUGASSON/lug00000100_560nm.tif,lug00000100_560nm.tif,44.7559642,-0.1724202,146.962997
LUGASSON/lug00000101_560nm.tif,lug00000101_560nm.tif,44.7560767,-0.1725009,145.962997
LUGASSON/lug00000102_560nm.tif,lug00000102_560nm.tif,44.7561948,-0.1725557,144.563004
LUGASSON/lug00000103_560nm.tif,lug00000103_560nm.tif,44.7563167,-0.1725887,143.462997
LUGASSON/lug00000105_560nm.tif,lug00000105_560nm.tif,44.7565783,-0.172654,142.863007
LUGASSON/lug00000106_560nm.tif,lug00000106_560nm.tif,44.7566958,-0.1727014,142.863007
LUGASSON/lug00000107_560nm.tif,lug00000107_560nm.tif,44.7568074,-0.1727551,142.863007
LUGASSON/lug00000108_560nm.tif,lug00000108_560nm.tif,44.7569218,-0.1728156,143.063004
LUGASSON/lug00000109_560nm.tif,lug00000109_560nm.tif,44.7570312,-0.172878,143.563004
LUGASSON/lug00000110_560nm.tif,lug00000110_560nm.tif,44.7571485,-0.1729323,143.363007
LUGASSON/lug00000111_560nm.tif,lug00000111_560nm.tif,44.7572708,-0.1729663,142.863007
LUGASSON/lug00000112_560nm.tif,lug00000112_560nm.tif,44.7574037,-0.1729855,142.263
LUGASSON/lug00000113_560nm.tif,lug00000113_560nm.tif,44.7575332,-0.1730016,142.462997
LUGASSON/lug00000115_560nm.tif,lug00000115_560nm.tif,44.7577703,-0.1730923,142.962997
LUGASSON/lug00000120_560nm.tif,lug00000120_560nm.tif,44.7572342,-0.1734959,137.962997
LUGASSON/lug00000123_560nm.tif,lug00000123_560nm.tif,44.756522,-0.1734435,145.263
LUGASSON/lug00000124_560nm.tif,lug00000124_560nm.tif,44.7562883,-0.1735165,144.863007
LUGASSON/lug00000125_560nm.tif,lug00000125_560nm.tif,44.7560521,-0.1736014,144.263
LUGASSON/lug00000126_560nm.tif,lug00000126_560nm.tif,44.7558229,-0.1736819,144.863007
LUGASSON/lug00000127_560nm.tif,lug00000127_560nm.tif,44.7555917,-0.1737642,145.662994
LUGASSON/lug00000128_560nm.tif,lug00000128_560nm.tif,44.7553725,-0.17383,145.263
LUGASSON/lug00000129_560nm.tif,lug00000129_560nm.tif,44.7551446,-0.1738881,145.363007
LUGASSON/lug00000130_560nm.tif,lug00000130_560nm.tif,44.7548896,-0.1739597,145.063004
LUGASSON/lug00000131_560nm.tif,lug00000131_560nm.tif,44.754643,-0.1740171,145.563004
LUGASSON/lug00000132_560nm.tif,lug00000132_560nm.tif,44.7543883,-0.1740698,145.763
LUGASSON/lug00000133_560nm.tif,lug00000133_560nm.tif,44.7541281,-0.174133,145.863007
LUGASSON/lug00000134_560nm.tif,lug00000134_560nm.tif,44.7538743,-0.1741948,146.462997
LUGASSON/lug00000135_560nm.tif,lug00000135_560nm.tif,44.7536124,-0.1742753,148.162994
LUGASSON/lug00000136_560nm.tif,lug00000136_560nm.tif,44.7533238,-0.1743735,149.363007
LUGASSON/lug00000138_560nm.tif,lug00000138_560nm.tif,44.7527909,-0.1745144,152.363007
LUGASSON/lug00000140_560nm.tif,lug00000140_560nm.tif,44.7522611,-0.1746171,150.763
LUGASSON/lug00000141_560nm.tif,lug00000141_560nm.tif,44.7520055,-0.1746496,149.763
LUGASSON/lug00000142_560nm.tif,lug00000142_560nm.tif,44.7517439,-0.1746838,148.863007
LUGASSON/lug00000143_560nm.tif,lug00000143_560nm.tif,44.7514923,-0.174727,146.863007
LUGASSON/lug00000144_560nm.tif,lug00000144_560nm.tif,44.751249,-0.174775,147.263
LUGASSON/lug00000145_560nm.tif,lug00000145_560nm.tif,44.7509935,-0.174833,147.263
LUGASSON/lug00000146_560nm.tif,lug00000146_560nm.tif,44.7507407,-0.1748894,147.063004
LUGASSON/lug00000147_560nm.tif,lug00000147_560nm.tif,44.750492,-0.1749528,147.462997
LUGASSON/lug00000148_560nm.tif,lug00000148_560nm.tif,44.7502387,-0.1750242,147.563004
LUGASSON/lug00000150_560nm.tif,lug00000150_560nm.tif,44.7497106,-0.1751358,149.162994
LUGASSON/lug00000152_560nm.tif,lug00000152_560nm.tif,44.7492006,-0.1751668,151.763
LUGASSON/lug00000153_560nm.tif,lug00000153_560nm.tif,44.7489504,-0.1751817,150.662994
LUGASSON/lug00000154_560nm.tif,lug00000154_560nm.tif,44.7487044,-0.1751884,150.662994
LUGASSON/lug00000155_560nm.tif,lug00000155_560nm.tif,44.7484559,-0.1751843,151.162994
LUGASSON/lug00000167_560nm.tif,lug00000167_560nm.tif,44.7479763,-0.1745426,153.462997
LUGASSON/lug00000172_560nm.tif,lug00000172_560nm.tif,44.7484941,-0.1750909,154.662994
LUGASSON/lug00000173_560nm.tif,lug00000173_560nm.tif,44.7486688,-0.1750209,154.162994
LUGASSON/lug00000174_560nm.tif,lug00000174_560nm.tif,44.7488493,-0.1749277,153.363007
LUGASSON/lug00000175_560nm.tif,lug00000175_560nm.tif,44.7491223,-0.1748225,153.962997
LUGASSON/lug00000176_560nm.tif,lug00000176_560nm.tif,44.7492946,-0.1747675,155.863007
LUGASSON/lug00000178_560nm.tif,lug00000178_560nm.tif,44.7496535,-0.1746994,158.563004
LUGASSON/lug00000179_560nm.tif,lug00000179_560nm.tif,44.7498291,-0.1746768,160.063004
LUGASSON/lug00000180_560nm.tif,lug00000180_560nm.tif,44.7500258,-0.1746384,160.162994
LUGASSON/lug00000182_560nm.tif,lug00000182_560nm.tif,44.7503447,-0.1746613,159.962997
LUGASSON/lug00000183_560nm.tif,lug00000183_560nm.tif,44.7504858,-0.1746954,158.662994
LUGASSON/lug00000184_560nm.tif,lug00000184_560nm.tif,44.7506335,-0.174706,155.662994
LUGASSON/lug00000185_560nm.tif,lug00000185_560nm.tif,44.7507822,-0.174673,153.263
LUGASSON/lug00000186_560nm.tif,lug00000186_560nm.tif,44.7509283,-0.1745861,152.162994
LUGASSON/lug00000187_560nm.tif,lug00000187_560nm.tif,44.7510658,-0.1744759,151.962997
LUGASSON/lug00000190_560nm.tif,lug00000190_560nm.tif,44.7515281,-0.1744219,151.563004
LUGASSON/lug00000193_560nm.tif,lug00000193_560nm.tif,44.7521117,-0.1744842,155.863007
LUGASSON/lug00000194_560nm.tif,lug00000194_560nm.tif,44.7522701,-0.1743704,157.563004
LUGASSON/lug00000197_560nm.tif,lug00000197_560nm.tif,44.7527003,-0.1740812,154.662994
LUGASSON/lug00000198_560nm.tif,lug00000198_560nm.tif,44.7528509,-0.1740223,153.962997
LUGASSON/lug00000199_560nm.tif,lug00000199_560nm.tif,44.7530153,-0.1739783,153.563004
LUGASSON/lug00000200_560nm.tif,lug00000200_560nm.tif,44.7531845,-0.1739418,152.962997
LUGASSON/lug00000201_560nm.tif,lug00000201_560nm.tif,44.7533461,-0.1739162,152.662994
LUGASSON/lug00000202_560nm.tif,lug00000202_560nm.tif,44.7534897,-0.1738852,152.662994
LUGASSON/lug00000203_560nm.tif,lug00000203_560nm.tif,44.7536285,-0.1738358,152.462997
LUGASSON/lug00000207_560nm.tif,lug00000207_560nm.tif,44.7542079,-0.1737516,149.363007
LUGASSON/lug00000208_560nm.tif,lug00000208_560nm.tif,44.7543603,-0.1737576,149.763
LUGASSON/lug00000209_560nm.tif,lug00000209_560nm.tif,44.7545144,-0.1737537,151.162994
LUGASSON/lug00000210_560nm.tif,lug00000210_560nm.tif,44.754654,-0.1737224,153.263
LUGASSON/lug00000211_560nm.tif,lug00000211_560nm.tif,44.7547978,-0.1736735,154.162994
LUGASSON/lug00000212_560nm.tif,lug00000212_560nm.tif,44.7549328,-0.1736183,154.563004
LUGASSON/lug00000214_560nm.tif,lug00000214_560nm.tif,44.7552108,-0.1735183,154.863007
LUGASSON/lug00000215_560nm.tif,lug00000215_560nm.tif,44.7553439,-0.1735122,154.662994
LUGASSON/lug00000216_560nm.tif,lug00000216_560nm.tif,44.7554784,-0.1735112,154.263
LUGASSON/lug00000217_560nm.tif,lug00000217_560nm.tif,44.7556103,-0.1735007,153.263
LUGASSON/lug00000218_560nm.tif,lug00000218_560nm.tif,44.7557432,-0.1734814,151.863007
LUGASSON/lug00000219_560nm.tif,lug00000219_560nm.tif,44.7558762,-0.1734536,150.863007
LUGASSON/lug00000220_560nm.tif,lug00000220_560nm.tif,44.7560089,-0.1734178,150.263
LUGASSON/lug00000221_560nm.tif,lug00000221_560nm.tif,44.7561397,-0.1733814,149.863007
LUGASSON/lug00000222_560nm.tif,lug00000222_560nm.tif,44.7562686,-0.1733444,149.863007
LUGASSON/lug00000223_560nm.tif,lug00000223_560nm.tif,44.7563979,-0.1733002,149.063004
LUGASSON/lug00000224_560nm.tif,lug00000224_560nm.tif,44.7565316,-0.173263,148.063004
LUGASSON/lug00000225_560nm.tif,lug00000225_560nm.tif,44.7566612,-0.1732339,147.263
LUGASSON/lug00000226_560nm.tif,lug00000226_560nm.tif,44.7568008,-0.1732126,145.962997
LUGASSON/lug00000227_560nm.tif,lug00000227_560nm.tif,44.7569351,-0.1731932,145.662994
LUGASSON/lug00000228_560nm.tif,lug00000228_560nm.tif,44.757072,-0.1731692,146.563004
LUGASSON/lug00000229_560nm.tif,lug00000229_560nm.tif,44.7572063,-0.1731494,148.763
LUGASSON/lug00000230_560nm.tif,lug00000230_560nm.tif,44.7573476,-0.1731232,151.263
LUGASSON/lug00000231_560nm.tif,lug00000231_560nm.tif,44.757486,-0.1730973,152.263
LUGASSON/lug00000232_560nm.tif,lug00000232_560nm.tif,44.7576262,-0.1730665,151.462997
LUGASSON/lug00000240_560nm.tif,lug00000240_560nm.tif,44.7567496,-0.1722844,155.363007
LUGASSON/lug00000241_560nm.tif,lug00000241_560nm.tif,44.7565984,-0.1725154,153.962997
LUGASSON/lug00000246_560nm.tif,lug00000246_560nm.tif,44.7555088,-0.1732063,153.263
LUGASSON/lug00000247_560nm.tif,lug00000247_560nm.tif,44.7552254,-0.1732412,154.462997
LUGASSON/lug00000248_560nm.tif,lug00000248_560nm.tif,44.754943,-0.1732841,155.063004
LUGASSON/lug00000249_560nm.tif,lug00000249_560nm.tif,44.7546661,-0.1733297,154.662994
LUGASSON/lug00000250_560nm.tif,lug00000250_560nm.tif,44.7544017,-0.1733805,154.263
LUGASSON/lug00000251_560nm.tif,lug00000251_560nm.tif,44.7541407,-0.1734387,153.462997
LUGASSON/lug00000252_560nm.tif,lug00000252_560nm.tif,44.753888,-0.1735094,152.563004
LUGASSON/lug00000253_560nm.tif,lug00000253_560nm.tif,44.7536167,-0.1735832,151.563004
LUGASSON/lug00000254_560nm.tif,lug00000254_560nm.tif,44.753362,-0.1736327,152.162994
LUGASSON/lug00000255_560nm.tif,lug00000255_560nm.tif,44.7531074,-0.1736802,154.162994
LUGASSON/lug00000256_560nm.tif,lug00000256_560nm.tif,44.7528416,-0.1737295,154.363007
LUGASSON/lug00000257_560nm.tif,lug00000257_560nm.tif,44.7525908,-0.1737766,153.162994
LUGASSON/lug00000258_560nm.tif,lug00000258_560nm.tif,44.7523388,-0.173848,152.162994
LUGASSON/lug00000260_560nm.tif,lug00000260_560nm.tif,44.7518179,-0.1739719,151.863007
LUGASSON/lug00000261_560nm.tif,lug00000261_560nm.tif,44.7515451,-0.174034,152.363007
LUGASSON/lug00000262_560nm.tif,lug00000262_560nm.tif,44.7512726,-0.1741021,154.162994
LUGASSON/lug00000263_560nm.tif,lug00000263_560nm.tif,44.7510061,-0.1741667,156.462997
LUGASSON/lug00000264_560nm.tif,lug00000264_560nm.tif,44.7506776,-0.1742374,158.263
LUGASSON/lug00000265_560nm.tif,lug00000265_560nm.tif,44.75042,-0.1742813,157.962997
LUGASSON/lug00000266_560nm.tif,lug00000266_560nm.tif,44.7501624,-0.1743304,155.063004
LUGASSON/lug00000267_560nm.tif,lug00000267_560nm.tif,44.7499022,-0.1743981,152.263
LUGASSON/lug00000268_560nm.tif,lug00000268_560nm.tif,44.7496308,-0.1744565,152.863007
LUGASSON/lug00000269_560nm.tif,lug00000269_560nm.tif,44.7493867,-0.1745025,154.462997
LUGASSON/lug00000270_560nm.tif,lug00000270_560nm.tif,44.7491287,-0.174544,156.263
LUGASSON/lug00000271_560nm.tif,lug00000271_560nm.tif,44.7488616,-0.1745927,156.363007
LUGASSON/lug00000272_560nm.tif,lug00000272_560nm.tif,44.7486159,-0.1746457,156.063004
LUGASSON/lug00000273_560nm.tif,lug00000273_560nm.tif,44.7483557,-0.1747144,155.662994
LUGASSON/lug00000290_560nm.tif,lug00000290_560nm.tif,44.7483066,-0.1743639,153.763
LUGASSON/lug00000295_560nm.tif,lug00000295_560nm.tif,44.7490055,-0.1740942,154.462997
LUGASSON/lug00000296_560nm.tif,lug00000296_560nm.tif,44.7491487,-0.1741474,153.962997
LUGASSON/lug00000297_560nm.tif,lug00000297_560nm.tif,44.7492771,-0.1741749,153.363007
LUGASSON/lug00000298_560nm.tif,lug00000298_560nm.tif,44.7494064,-0.1741741,152.962997
LUGASSON/lug00000299_560nm.tif,lug00000299_560nm.tif,44.7495356,-0.1741393,152.063004
LUGASSON/lug00000300_560nm.tif,lug00000300_560nm.tif,44.7496717,-0.1740646,151.063004
LUGASSON/lug00000303_560nm.tif,lug00000303_560nm.tif,44.7500839,-0.1739321,150.962997
LUGASSON/lug00000304_560nm.tif,lug00000304_560nm.tif,44.7502215,-0.1739416,150.063004
LUGASSON/lug00000305_560nm.tif,lug00000305_560nm.tif,44.7503635,-0.1739463,149.162994
LUGASSON/lug00000306_560nm.tif,lug00000306_560nm.tif,44.7505022,-0.1739416,149.162994
LUGASSON/lug00000307_560nm.tif,lug00000307_560nm.tif,44.7506443,-0.1739158,149.462997
LUGASSON/lug00000308_560nm.tif,lug00000308_560nm.tif,44.7507858,-0.1738479,149.563004
LUGASSON/lug00000311_560nm.tif,lug00000311_560nm.tif,44.7512269,-0.1736459,151.263
LUGASSON/lug00000312_560nm.tif,lug00000312_560nm.tif,44.7513665,-0.1736362,152.563004
LUGASSON/lug00000313_560nm.tif,lug00000313_560nm.tif,44.7515035,-0.1736371,152.863007
LUGASSON/lug00000314_560nm.tif,lug00000314_560nm.tif,44.7516461,-0.1736483,152.563004
LUGASSON/lug00000315_560nm.tif,lug00000315_560nm.tif,44.7517825,-0.173662,151.363007
LUGASSON/lug00000316_560nm.tif,lug00000316_560nm.tif,44.7519225,-0.1736646,150.063004
LUGASSON/lug00000319_560nm.tif,lug00000319_560nm.tif,44.7524302,-0.1735095,148.863007
LUGASSON/lug00000320_560nm.tif,lug00000320_560nm.tif,44.7525865,-0.1734611,152.763
LUGASSON/lug00000321_560nm.tif,lug00000321_560nm.tif,44.7527294,-0.1733975,156.363007
LUGASSON/lug00000322_560nm.tif,lug00000322_560nm.tif,44.7528903,-0.173322,158.063004
LUGASSON/lug00000324_560nm.tif,lug00000324_560nm.tif,44.7532017,-0.173265,159.162994
LUGASSON/lug00000325_560nm.tif,lug00000325_560nm.tif,44.7533514,-0.173305,159.063004
LUGASSON/lug00000326_560nm.tif,lug00000326_560nm.tif,44.753496,-0.173333,158.863007
LUGASSON/lug00000327_560nm.tif,lug00000327_560nm.tif,44.753652,-0.1733192,157.763
LUGASSON/lug00000328_560nm.tif,lug00000328_560nm.tif,44.7538111,-0.1732635,156.563004
LUGASSON/lug00000329_560nm.tif,lug00000329_560nm.tif,44.753981,-0.1731714,155.662994
LUGASSON/lug00000330_560nm.tif,lug00000330_560nm.tif,44.7541574,-0.1730753,155.063004
LUGASSON/lug00000333_560nm.tif,lug00000333_560nm.tif,44.7546972,-0.1729462,156.563004
LUGASSON/lug00000334_560nm.tif,lug00000334_560nm.tif,44.7548715,-0.1729534,156.863007
LUGASSON/lug00000335_560nm.tif,lug00000335_560nm.tif,44.7550454,-0.172945,156.563004
LUGASSON/lug00000336_560nm.tif,lug00000336_560nm.tif,44.755227,-0.1729152,157.063004
LUGASSON/lug00000337_560nm.tif,lug00000337_560nm.tif,44.7554044,-0.1728809,157.763
LUGASSON/lug00000338_560nm.tif,lug00000338_560nm.tif,44.7555758,-0.1728275,157.363007
LUGASSON/lug00000339_560nm.tif,lug00000339_560nm.tif,44.7557461,-0.1727504,156.363007
LUGASSON/lug00000343_560nm.tif,lug00000343_560nm.tif,44.7563574,-0.1725759,154.063004
LUGASSON/lug00000344_560nm.tif,lug00000344_560nm.tif,44.7565024,-0.1725643,152.962997
LUGASSON/lug00000345_560nm.tif,lug00000345_560nm.tif,44.7566622,-0.1725259,150.962997
LUGASSON/lug00000346_560nm.tif,lug00000346_560nm.tif,44.7568279,-0.1724884,149.662994
LUGASSON/lug00000347_560nm.tif,lug00000347_560nm.tif,44.7569835,-0.1724519,149.863007
LUGASSON/lug00000348_560nm.tif,lug00000348_560nm.tif,44.7571345,-0.172412,150.863007
LUGASSON/lug00000349_560nm.tif,lug00000349_560nm.tif,44.7572817,-0.1723759,152.162994
LUGASSON/lug00000350_560nm.tif,lug00000350_560nm.tif,44.7574337,-0.1723493,152.063004
LUGASSON/lug00000351_560nm.tif,lug00000351_560nm.tif,44.7575705,-0.1723408,150.263
LUGASSON/lug00000364_560nm.tif,lug00000364_560nm.tif,44.7561901,-0.1720996,146.462997
LUGASSON/lug00000365_560nm.tif,lug00000365_560nm.tif,44.7559914,-0.1721807,148.263
LUGASSON/lug00000368_560nm.tif,lug00000368_560nm.tif,44.7553365,-0.1723531,148.662994
LUGASSON/lug00000369_560nm.tif,lug00000369_560nm.tif,44.7551109,-0.1724157,147.662994
LUGASSON/lug00000371_560nm.tif,lug00000371_560nm.tif,44.754652,-0.1725183,148.462997
LUGASSON/lug00000372_560nm.tif,lug00000372_560nm.tif,44.7544164,-0.1725813,151.563004
LUGASSON/lug00000373_560nm.tif,lug00000373_560nm.tif,44.7541866,-0.1726628,153.363007
LUGASSON/lug00000374_560nm.tif,lug00000374_560nm.tif,44.7539724,-0.1727423,154.563004
LUGASSON/lug00000376_560nm.tif,lug00000376_560nm.tif,44.7535228,-0.1728755,153.162994
LUGASSON/lug00000377_560nm.tif,lug00000377_560nm.tif,44.7532908,-0.1729293,152.363007
LUGASSON/lug00000378_560nm.tif,lug00000378_560nm.tif,44.7530434,-0.1729878,151.962997
LUGASSON/lug00000379_560nm.tif,lug00000379_560nm.tif,44.7528095,-0.1730422,151.563004
LUGASSON/lug00000380_560nm.tif,lug00000380_560nm.tif,44.7525738,-0.1730877,151.962997
LUGASSON/lug00000381_560nm.tif,lug00000381_560nm.tif,44.7523258,-0.1731401,151.863007
LUGASSON/lug00000382_560nm.tif,lug00000382_560nm.tif,44.7520966,-0.1731911,151.763
LUGASSON/lug00000383_560nm.tif,lug00000383_560nm.tif,44.7518641,-0.1732402,151.063004
LUGASSON/lug00000384_560nm.tif,lug00000384_560nm.tif,44.7516268,-0.1732884,150.462997
LUGASSON/lug00000385_560nm.tif,lug00000385_560nm.tif,44.7513802,-0.1733468,149.662994
LUGASSON/lug00000386_560nm.tif,lug00000386_560nm.tif,44.7511459,-0.1734025,149.462997
LUGASSON/lug00000387_560nm.tif,lug00000387_560nm.tif,44.7509109,-0.173456,149.063004
LUGASSON/lug00000388_560nm.tif,lug00000388_560nm.tif,44.7506737,-0.1735057,148.763
LUGASSON/lug00000389_560nm.tif,lug00000389_560nm.tif,44.7504238,-0.1735593,148.563004
LUGASSON/lug00000390_560nm.tif,lug00000390_560nm.tif,44.750187,-0.1736177,148.162994
LUGASSON/lug00000391_560nm.tif,lug00000391_560nm.tif,44.7499642,-0.1736755,147.962997
LUGASSON/lug00000392_560nm.tif,lug00000392_560nm.tif,44.7497297,-0.1737316,148.162994
LUGASSON/lug00000393_560nm.tif,lug00000393_560nm.tif,44.7495009,-0.173785,148.662994
LUGASSON/lug00000394_560nm.tif,lug00000394_560nm.tif,44.749275,-0.1738426,148.962997
LUGASSON/lug00000395_560nm.tif,lug00000395_560nm.tif,44.7490306,-0.1738993,149.263
LUGASSON/lug00000396_560nm.tif,lug00000396_560nm.tif,44.7487744,-0.1739426,150.063004
LUGASSON/lug00000397_560nm.tif,lug00000397_560nm.tif,44.7485297,-0.1739891,149.763
LUGASSON/lug00000398_560nm.tif,lug00000398_560nm.tif,44.7482687,-0.1740477,148.863007
LUGASSON/lug00000408_560nm.tif,lug00000408_560nm.tif,44.7476547,-0.1731725,146.662994
LUGASSON/lug00000409_560nm.tif,lug00000409_560nm.tif,44.7476824,-0.173386,145.763
LUGASSON/lug00000413_560nm.tif,lug00000413_560nm.tif,44.7481129,-0.1737159,145.962997
LUGASSON/lug00000414_560nm.tif,lug00000414_560nm.tif,44.748263,-0.1736376,145.763
LUGASSON/lug00000415_560nm.tif,lug00000415_560nm.tif,44.7483962,-0.1735576,146.063004
LUGASSON/lug00000418_560nm.tif,lug00000418_560nm.tif,44.7488129,-0.1734156,148.962997
LUGASSON/lug00000419_560nm.tif,lug00000419_560nm.tif,44.7489462,-0.1734178,149.063004
LUGASSON/lug00000420_560nm.tif,lug00000420_560nm.tif,44.7490858,-0.1734327,148.763
LUGASSON/lug00000421_560nm.tif,lug00000421_560nm.tif,44.7492194,-0.1734387,148.462997
LUGASSON/lug00000422_560nm.tif,lug00000422_560nm.tif,44.7493525,-0.173436,148.263
LUGASSON/lug00000423_560nm.tif,lug00000423_560nm.tif,44.7494915,-0.1734127,148.162994
LUGASSON/lug00000424_560nm.tif,lug00000424_560nm.tif,44.7496413,-0.1733728,148.263
LUGASSON/lug00000425_560nm.tif,lug00000425_560nm.tif,44.7497816,-0.1733225,148.162994
LUGASSON/lug00000426_560nm.tif,lug00000426_560nm.tif,44.7499188,-0.1732736,148.363007
LUGASSON/lug00000427_560nm.tif,lug00000427_560nm.tif,44.7500501,-0.1732357,148.662994
LUGASSON/lug00000429_560nm.tif,lug00000429_560nm.tif,44.750312,-0.173202,148.162994
LUGASSON/lug00000430_560nm.tif,lug00000430_560nm.tif,44.7504486,-0.1731976,148.363007
LUGASSON/lug00000431_560nm.tif,lug00000431_560nm.tif,44.7505849,-0.1731831,148.563004
LUGASSON/lug00000432_560nm.tif,lug00000432_560nm.tif,44.7507197,-0.1731566,148.863007
LUGASSON/lug00000433_560nm.tif,lug00000433_560nm.tif,44.7508682,-0.1731206,148.763
LUGASSON/lug00000434_560nm.tif,lug00000434_560nm.tif,44.7510116,-0.1730829,148.563004
LUGASSON/lug00000435_560nm.tif,lug00000435_560nm.tif,44.751156,-0.1730364,148.162994
LUGASSON/lug00000436_560nm.tif,lug00000436_560nm.tif,44.7513116,-0.1729908,148.662994
LUGASSON/lug00000437_560nm.tif,lug00000437_560nm.tif,44.7514581,-0.1729484,149.763
LUGASSON/lug00000439_560nm.tif,lug00000439_560nm.tif,44.7517569,-0.1729171,150.962997
LUGASSON/lug00000440_560nm.tif,lug00000440_560nm.tif,44.7519029,-0.1729121,151.162994
LUGASSON/lug00000441_560nm.tif,lug00000441_560nm.tif,44.7520547,-0.1728994,150.763
LUGASSON/lug00000442_560nm.tif,lug00000442_560nm.tif,44.7522121,-0.1728856,150.662994
LUGASSON/lug00000443_560nm.tif,lug00000443_560nm.tif,44.7523655,-0.1728537,151.363007
LUGASSON/lug00000444_560nm.tif,lug00000444_560nm.tif,44.7525142,-0.1728057,151.063004
LUGASSON/lug00000445_560nm.tif,lug00000445_560nm.tif,44.7526613,-0.172743,150.162994
LUGASSON/lug00000446_560nm.tif,lug00000446_560nm.tif,44.752808,-0.1726767,149.462997
LUGASSON/lug00000448_560nm.tif,lug00000448_560nm.tif,44.7531074,-0.1726084,149.162994
LUGASSON/lug00000449_560nm.tif,lug00000449_560nm.tif,44.7532525,-0.1726,149.662994
LUGASSON/lug00000450_560nm.tif,lug00000450_560nm.tif,44.7533987,-0.1725986,149.363007
LUGASSON/lug00000451_560nm.tif,lug00000451_560nm.tif,44.7535481,-0.1725747,150.263
LUGASSON/lug00000452_560nm.tif,lug00000452_560nm.tif,44.7537021,-0.1725245,151.162994
LUGASSON/lug00000453_560nm.tif,lug00000453_560nm.tif,44.7538609,-0.1724413,152.363007
LUGASSON/lug00000457_560nm.tif,lug00000457_560nm.tif,44.7544383,-0.1722338,149.962997
LUGASSON/lug00000458_560nm.tif,lug00000458_560nm.tif,44.7545768,-0.1722166,149.763
LUGASSON/lug00000460_560nm.tif,lug00000460_560nm.tif,44.7548651,-0.1722393,150.962997
LUGASSON/lug00000461_560nm.tif,lug00000461_560nm.tif,44.7550071,-0.1722557,151.563004
LUGASSON/lug00000462_560nm.tif,lug00000462_560nm.tif,44.7551633,-0.1722519,152.162994
LUGASSON/lug00000463_560nm.tif,lug00000463_560nm.tif,44.7553257,-0.1722105,152.863007
LUGASSON/lug00000464_560nm.tif,lug00000464_560nm.tif,44.7554774,-0.1721368,153.763
LUGASSON/lug00000466_560nm.tif,lug00000466_560nm.tif,44.7557988,-0.1719684,153.363007
LUGASSON/lug00000468_560nm.tif,lug00000468_560nm.tif,44.7561067,-0.1718629,151.962997
LUGASSON/lug00000469_560nm.tif,lug00000469_560nm.tif,44.7562689,-0.1718517,151.863007
LUGASSON/lug00000470_560nm.tif,lug00000470_560nm.tif,44.7564276,-0.1718624,151.962997
LUGASSON/lug00000471_560nm.tif,lug00000471_560nm.tif,44.7565851,-0.1718856,151.763
LUGASSON/lug00000472_560nm.tif,lug00000472_560nm.tif,44.7567488,-0.1719063,152.063004
LUGASSON/lug00000474_560nm.tif,lug00000474_560nm.tif,44.7570789,-0.1717978,152.662994
LUGASSON/lug00000475_560nm.tif,lug00000475_560nm.tif,44.7572415,-0.1717048,153.662994
LUGASSON/lug00000476_560nm.tif,lug00000476_560nm.tif,44.7573977,-0.1716125,153.962997
LUGASSON/lug00000486_560nm.tif,lug00000486_560nm.tif,44.7565825,-0.1708154,157.962997
LUGASSON/lug00000491_560nm.tif,lug00000491_560nm.tif,44.7557701,-0.1715766,155.162994
LUGASSON/lug00000492_560nm.tif,lug00000492_560nm.tif,44.7555465,-0.1716449,155.662994
LUGASSON/lug00000493_560nm.tif,lug00000493_560nm.tif,44.7553227,-0.1716976,156.063004
LUGASSON/lug00000494_560nm.tif,lug00000494_560nm.tif,44.755088,-0.1717487,155.662994
LUGASSON/lug00000495_560nm.tif,lug00000495_560nm.tif,44.7548649,-0.1717994,154.162994
LUGASSON/lug00000496_560nm.tif,lug00000496_560nm.tif,44.7546391,-0.1718479,152.962997
LUGASSON/lug00000497_560nm.tif,lug00000497_560nm.tif,44.7544216,-0.1718954,151.462997
LUGASSON/lug00000498_560nm.tif,lug00000498_560nm.tif,44.7542039,-0.1719407,150.363007
LUGASSON/lug00000499_560nm.tif,lug00000499_560nm.tif,44.7539735,-0.1719984,149.563004
LUGASSON/lug00000500_560nm.tif,lug00000500_560nm.tif,44.7537575,-0.1720582,149.063004
LUGASSON/lug00000501_560nm.tif,lug00000501_560nm.tif,44.753539,-0.1721216,148.662994
LUGASSON/lug00000502_560nm.tif,lug00000502_560nm.tif,44.7533242,-0.1721829,147.763
LUGASSON/lug00000503_560nm.tif,lug00000503_560nm.tif,44.7531054,-0.1722505,146.563004
LUGASSON/lug00000504_560nm.tif,lug00000504_560nm.tif,44.7528722,-0.1723181,145.763
LUGASSON/lug00000506_560nm.tif,lug00000506_560nm.tif,44.7524131,-0.1724206,146.363007
LUGASSON/lug00000507_560nm.tif,lug00000507_560nm.tif,44.7521716,-0.1724617,146.863007
LUGASSON/lug00000508_560nm.tif,lug00000508_560nm.tif,44.7519213,-0.1725102,148.563004
LUGASSON/lug00000509_560nm.tif,lug00000509_560nm.tif,44.7516822,-0.1725647,149.662994
LUGASSON/lug00000510_560nm.tif,lug00000510_560nm.tif,44.7514262,-0.1726328,151.363007
LUGASSON/lug00000511_560nm.tif,lug00000511_560nm.tif,44.7511922,-0.1726966,153.063004
LUGASSON/lug00000512_560nm.tif,lug00000512_560nm.tif,44.7509639,-0.1727494,153.462997
LUGASSON/lug00000513_560nm.tif,lug00000513_560nm.tif,44.7507104,-0.1727804,154.162994
LUGASSON/lug00000514_560nm.tif,lug00000514_560nm.tif,44.7504631,-0.1728174,154.162994
LUGASSON/lug00000515_560nm.tif,lug00000515_560nm.tif,44.7502248,-0.1728547,154.763
LUGASSON/lug00000516_560nm.tif,lug00000516_560nm.tif,44.7499973,-0.1729001,154.962997
LUGASSON/lug00000517_560nm.tif,lug00000517_560nm.tif,44.7497715,-0.1729544,154.962997
LUGASSON/lug00000518_560nm.tif,lug00000518_560nm.tif,44.749544,-0.1730157,155.263
LUGASSON/lug00000519_560nm.tif,lug00000519_560nm.tif,44.7493262,-0.173068,155.263
LUGASSON/lug00000520_560nm.tif,lug00000520_560nm.tif,44.7490872,-0.1731148,154.763
LUGASSON/lug00000521_560nm.tif,lug00000521_560nm.tif,44.7488563,-0.1731623,153.662994
LUGASSON/lug00000522_560nm.tif,lug00000522_560nm.tif,44.7486369,-0.1732143,152.763
LUGASSON/lug00000523_560nm.tif,lug00000523_560nm.tif,44.7484159,-0.1732655,152.162994
LUGASSON/lug00000524_560nm.tif,lug00000524_560nm.tif,44.7481944,-0.1733146,151.462997
LUGASSON/lug00000525_560nm.tif,lug00000525_560nm.tif,44.7479744,-0.1733644,150.662994
LUGASSON/lug00000535_560nm.tif,lug00000535_560nm.tif,44.7477809,-0.1723514,151.063004
LUGASSON/lug00000540_560nm.tif,lug00000540_560nm.tif,44.7483211,-0.1728678,148.263
LUGASSON/lug00000544_560nm.tif,lug00000544_560nm.tif,44.7489323,-0.1726216,148.563004
LUGASSON/lug00000546_560nm.tif,lug00000546_560nm.tif,44.7492015,-0.1726496,148.363007
LUGASSON/lug00000547_560nm.tif,lug00000547_560nm.tif,44.7493356,-0.1726841,149.462997
LUGASSON/lug00000548_560nm.tif,lug00000548_560nm.tif,44.7494701,-0.1726994,150.162994
LUGASSON/lug00000549_560nm.tif,lug00000549_560nm.tif,44.7496123,-0.1727106,150.763
LUGASSON/lug00000550_560nm.tif,lug00000550_560nm.tif,44.7497723,-0.1726872,150.962997
LUGASSON/lug00000551_560nm.tif,lug00000551_560nm.tif,44.749938,-0.1726351,151.363007
LUGASSON/lug00000552_560nm.tif,lug00000552_560nm.tif,44.7501106,-0.1725487,152.462997
LUGASSON/lug00000557_560nm.tif,lug00000557_560nm.tif,44.7509149,-0.1724155,155.962997
LUGASSON/lug00000558_560nm.tif,lug00000558_560nm.tif,44.7510832,-0.1724269,155.563004
LUGASSON/lug00000559_560nm.tif,lug00000559_560nm.tif,44.7512448,-0.1724042,154.763
LUGASSON/lug00000560_560nm.tif,lug00000560_560nm.tif,44.751411,-0.1723454,153.763
LUGASSON/lug00000561_560nm.tif,lug00000561_560nm.tif,44.7516033,-0.1722679,153.063004
LUGASSON/lug00000563_560nm.tif,lug00000563_560nm.tif,44.7520156,-0.1721757,154.063004
LUGASSON/lug00000564_560nm.tif,lug00000564_560nm.tif,44.7522138,-0.172121,156.162994
LUGASSON/lug00000565_560nm.tif,lug00000565_560nm.tif,44.7523982,-0.1720618,157.863007
LUGASSON/lug00000566_560nm.tif,lug00000566_560nm.tif,44.7525665,-0.1719996,160.063004
LUGASSON/lug00000568_560nm.tif,lug00000568_560nm.tif,44.7529123,-0.1719027,157.863007
LUGASSON/lug00000570_560nm.tif,lug00000570_560nm.tif,44.7532196,-0.1718768,153.863007
LUGASSON/lug00000571_560nm.tif,lug00000571_560nm.tif,44.7533656,-0.1718737,153.263
LUGASSON/lug00000572_560nm.tif,lug00000572_560nm.tif,44.7535156,-0.1718336,152.662994
LUGASSON/lug00000573_560nm.tif,lug00000573_560nm.tif,44.7536589,-0.1717735,152.263
LUGASSON/lug00000575_560nm.tif,lug00000575_560nm.tif,44.7539495,-0.1716686,152.063004
LUGASSON/lug00000576_560nm.tif,lug00000576_560nm.tif,44.7540911,-0.1716255,151.962997
LUGASSON/lug00000577_560nm.tif,lug00000577_560nm.tif,44.754233,-0.1715924,152.363007
LUGASSON/lug00000579_560nm.tif,lug00000579_560nm.tif,44.7545225,-0.1715791,150.863007
LUGASSON/lug00000580_560nm.tif,lug00000580_560nm.tif,44.7546645,-0.1715731,150.063004
LUGASSON/lug00000581_560nm.tif,lug00000581_560nm.tif,44.754814,-0.1715427,148.763
LUGASSON/lug00000583_560nm.tif,lug00000583_560nm.tif,44.7551107,-0.1714466,147.962997
LUGASSON/lug00000585_560nm.tif,lug00000585_560nm.tif,44.7554084,-0.1714142,150.162994
LUGASSON/lug00000586_560nm.tif,lug00000586_560nm.tif,44.7555506,-0.1713951,151.063004
LUGASSON/lug00000587_560nm.tif,lug00000587_560nm.tif,44.7556998,-0.1713748,151.863007
LUGASSON/lug00000588_560nm.tif,lug00000588_560nm.tif,44.7558573,-0.1713565,152.563004
LUGASSON/lug00000589_560nm.tif,lug00000589_560nm.tif,44.7560217,-0.1713196,152.962997
LUGASSON/lug00000590_560nm.tif,lug00000590_560nm.tif,44.7561929,-0.1712325,153.662994
LUGASSON/lug00000594_560nm.tif,lug00000594_560nm.tif,44.7568292,-0.1710019,152.462997
LUGASSON/lug00000595_560nm.tif,lug00000595_560nm.tif,44.756984,-0.1710057,150.863007
LUGASSON/lug00000596_560nm.tif,lug00000596_560nm.tif,44.7571377,-0.1710108,150.162994
LUGASSON/lug00000597_560nm.tif,lug00000597_560nm.tif,44.7572923,-0.1710016,150.462997
LUGASSON/lug00000607_560nm.tif,lug00000607_560nm.tif,44.7565308,-0.170069,149.263
LUGASSON/lug00000612_560nm.tif,lug00000612_560nm.tif,44.7557235,-0.1708561,149.263
LUGASSON/lug00000613_560nm.tif,lug00000613_560nm.tif,44.7555047,-0.1709251,150.462997
LUGASSON/lug00000614_560nm.tif,lug00000614_560nm.tif,44.7552709,-0.17099,150.962997
LUGASSON/lug00000615_560nm.tif,lug00000615_560nm.tif,44.755016,-0.1710472,150.763
LUGASSON/lug00000616_560nm.tif,lug00000616_560nm.tif,44.754778,-0.1710976,150.563004
LUGASSON/lug00000617_560nm.tif,lug00000617_560nm.tif,44.7545382,-0.1711547,150.662994
LUGASSON/lug00000618_560nm.tif,lug00000618_560nm.tif,44.7542741,-0.1712216,151.863007
LUGASSON/lug00000620_560nm.tif,lug00000620_560nm.tif,44.7537751,-0.1713232,153.863007
LUGASSON/lug00000621_560nm.tif,lug00000621_560nm.tif,44.7535047,-0.1713866,154.763
LUGASSON/lug00000622_560nm.tif,lug00000622_560nm.tif,44.7532554,-0.1714499,156.563004
LUGASSON/lug00000623_560nm.tif,lug00000623_560nm.tif,44.7530143,-0.1715242,157.162994
LUGASSON/lug00000624_560nm.tif,lug00000624_560nm.tif,44.7527674,-0.1716129,156.063004
LUGASSON/lug00000626_560nm.tif,lug00000626_560nm.tif,44.7523107,-0.1717432,154.063004
LUGASSON/lug00000627_560nm.tif,lug00000627_560nm.tif,44.7520772,-0.171781,153.563004
LUGASSON/lug00000628_560nm.tif,lug00000628_560nm.tif,44.7518528,-0.171809,153.462997
LUGASSON/lug00000629_560nm.tif,lug00000629_560nm.tif,44.7516131,-0.1718436,152.662994
LUGASSON/lug00000630_560nm.tif,lug00000630_560nm.tif,44.7513832,-0.1719039,151.462997
LUGASSON/lug00000631_560nm.tif,lug00000631_560nm.tif,44.7511618,-0.1719718,153.063004
LUGASSON/lug00000632_560nm.tif,lug00000632_560nm.tif,44.7509432,-0.1720278,153.763
LUGASSON/lug00000633_560nm.tif,lug00000633_560nm.tif,44.7507042,-0.1720819,152.363007
LUGASSON/lug00000634_560nm.tif,lug00000634_560nm.tif,44.7504614,-0.1721413,151.063004
LUGASSON/lug00000635_560nm.tif,lug00000635_560nm.tif,44.7502129,-0.1722093,149.863007
LUGASSON/lug00000636_560nm.tif,lug00000636_560nm.tif,44.7499802,-0.1722613,149.763
LUGASSON/lug00000637_560nm.tif,lug00000637_560nm.tif,44.7497501,-0.1722988,149.763
LUGASSON/lug00000638_560nm.tif,lug00000638_560nm.tif,44.7495141,-0.1723371,149.063004
LUGASSON/lug00000639_560nm.tif,lug00000639_560nm.tif,44.7492753,-0.17238,148.263
LUGASSON/lug00000640_560nm.tif,lug00000640_560nm.tif,44.7490531,-0.1724223,148.063004
LUGASSON/lug00000641_560nm.tif,lug00000641_560nm.tif,44.748805,-0.1724738,147.662994
LUGASSON/lug00000642_560nm.tif,lug00000642_560nm.tif,44.7485776,-0.1725247,147.263
LUGASSON/lug00000643_560nm.tif,lug00000643_560nm.tif,44.7483384,-0.1725767,146.863007
LUGASSON/lug00000644_560nm.tif,lug00000644_560nm.tif,44.7481035,-0.1726355,146.662994
LUGASSON/lug00000654_560nm.tif,lug00000654_560nm.tif,44.7475967,-0.171904,142.662994
LUGASSON/lug00000655_560nm.tif,lug00000655_560nm.tif,44.7476613,-0.172106,141.563004
LUGASSON/lug00000658_560nm.tif,lug00000658_560nm.tif,44.7480599,-0.172252,143.863007
LUGASSON/lug00000659_560nm.tif,lug00000659_560nm.tif,44.7482205,-0.1721658,145.363007
LUGASSON/lug00000663_560nm.tif,lug00000663_560nm.tif,44.7488449,-0.1720131,147.662994
LUGASSON/lug00000664_560nm.tif,lug00000664_560nm.tif,44.7490013,-0.172007,147.662994
LUGASSON/lug00000665_560nm.tif,lug00000665_560nm.tif,44.7491553,-0.1719807,147.162994
LUGASSON/lug00000666_560nm.tif,lug00000666_560nm.tif,44.7493023,-0.1719543,146.462997
LUGASSON/lug00000667_560nm.tif,lug00000667_560nm.tif,44.7494554,-0.171914,145.863007
LUGASSON/lug00000669_560nm.tif,lug00000669_560nm.tif,44.7497731,-0.171845,146.462997
LUGASSON/lug00000670_560nm.tif,lug00000670_560nm.tif,44.7499219,-0.1718269,147.662994
LUGASSON/lug00000671_560nm.tif,lug00000671_560nm.tif,44.7500729,-0.1718222,148.962997
LUGASSON/lug00000672_560nm.tif,lug00000672_560nm.tif,44.7502246,-0.171823,149.462997
LUGASSON/lug00000673_560nm.tif,lug00000673_560nm.tif,44.750381,-0.1718149,149.563004
LUGASSON/lug00000674_560nm.tif,lug00000674_560nm.tif,44.7505384,-0.1717873,149.363007
LUGASSON/lug00000675_560nm.tif,lug00000675_560nm.tif,44.7506951,-0.1717489,148.263
LUGASSON/lug00000676_560nm.tif,lug00000676_560nm.tif,44.7508439,-0.1717005,147.563004
LUGASSON/lug00000677_560nm.tif,lug00000677_560nm.tif,44.7510099,-0.1716611,147.962997
LUGASSON/lug00000678_560nm.tif,lug00000678_560nm.tif,44.7511901,-0.1716358,149.662994
LUGASSON/lug00000679_560nm.tif,lug00000679_560nm.tif,44.7513812,-0.1716039,152.962997
LUGASSON/lug00000680_560nm.tif,lug00000680_560nm.tif,44.7515563,-0.1715431,154.563004
LUGASSON/lug00000681_560nm.tif,lug00000681_560nm.tif,44.751722,-0.1714714,155.662994
LUGASSON/lug00000684_560nm.tif,lug00000684_560nm.tif,44.7522199,-0.1713672,159.263
LUGASSON/lug00000685_560nm.tif,lug00000685_560nm.tif,44.7523717,-0.1713729,159.962997
LUGASSON/lug00000686_560nm.tif,lug00000686_560nm.tif,44.752531,-0.1713611,159.863007
LUGASSON/lug00000687_560nm.tif,lug00000687_560nm.tif,44.7526959,-0.1713214,159.662994
LUGASSON/lug00000688_560nm.tif,lug00000688_560nm.tif,44.7528668,-0.1712594,158.662994
LUGASSON/lug00000691_560nm.tif,lug00000691_560nm.tif,44.7533464,-0.1711057,153.863007
LUGASSON/lug00000692_560nm.tif,lug00000692_560nm.tif,44.7534893,-0.1710869,154.263
LUGASSON/lug00000693_560nm.tif,lug00000693_560nm.tif,44.7536323,-0.1710613,154.263
LUGASSON/lug00000694_560nm.tif,lug00000694_560nm.tif,44.7537697,-0.1710376,154.263
LUGASSON/lug00000695_560nm.tif,lug00000695_560nm.tif,44.7539205,-0.1709925,153.363007
LUGASSON/lug00000696_560nm.tif,lug00000696_560nm.tif,44.7540651,-0.1709496,152.863007
LUGASSON/lug00000697_560nm.tif,lug00000697_560nm.tif,44.7542017,-0.1709084,152.863007
LUGASSON/lug00000698_560nm.tif,lug00000698_560nm.tif,44.7543487,-0.1708605,152.263
LUGASSON/lug00000699_560nm.tif,lug00000699_560nm.tif,44.7544885,-0.1708273,151.863007
LUGASSON/lug00000700_560nm.tif,lug00000700_560nm.tif,44.754623,-0.1708044,151.462997
LUGASSON/lug00000701_560nm.tif,lug00000701_560nm.tif,44.7547659,-0.1707817,150.162994
LUGASSON/lug00000702_560nm.tif,lug00000702_560nm.tif,44.7549225,-0.1707485,147.962997
LUGASSON/lug00000703_560nm.tif,lug00000703_560nm.tif,44.7550763,-0.1707206,146.863007
LUGASSON/lug00000704_560nm.tif,lug00000704_560nm.tif,44.7552178,-0.1706938,147.462997
LUGASSON/lug00000705_560nm.tif,lug00000705_560nm.tif,44.7553745,-0.1706633,148.763
LUGASSON/lug00000706_560nm.tif,lug00000706_560nm.tif,44.7555332,-0.1706278,150.263
LUGASSON/lug00000707_560nm.tif,lug00000707_560nm.tif,44.7556763,-0.170602,151.363007
LUGASSON/lug00000708_560nm.tif,lug00000708_560nm.tif,44.755815,-0.1705791,151.462997
LUGASSON/lug00000709_560nm.tif,lug00000709_560nm.tif,44.7559577,-0.1705586,150.763
LUGASSON/lug00000710_560nm.tif,lug00000710_560nm.tif,44.7561045,-0.1705302,149.662994
LUGASSON/lug00000711_560nm.tif,lug00000711_560nm.tif,44.7562467,-0.1705051,149.063004
LUGASSON/lug00000712_560nm.tif,lug00000712_560nm.tif,44.7563858,-0.1704711,149.462997
LUGASSON/lug00000714_560nm.tif,lug00000714_560nm.tif,44.756662,-0.1703657,150.662994
LUGASSON/lug00000715_560nm.tif,lug00000715_560nm.tif,44.7567978,-0.1703217,150.863007
LUGASSON/lug00000716_560nm.tif,lug00000716_560nm.tif,44.7569317,-0.170278,150.563004
LUGASSON/lug00000717_560nm.tif,lug00000717_560nm.tif,44.757072,-0.1702408,150.162994
LUGASSON/lug00000727_560nm.tif,lug00000727_560nm.tif,44.7563202,-0.169245,149.962997
LUGASSON/lug00000732_560nm.tif,lug00000732_560nm.tif,44.7556061,-0.1700975,149.563004
LUGASSON/lug00000735_560nm.tif,lug00000735_560nm.tif,44.7549377,-0.1703247,152.962997
LUGASSON/lug00000736_560nm.tif,lug00000736_560nm.tif,44.7547224,-0.1703758,152.662994
LUGASSON/lug00000737_560nm.tif,lug00000737_560nm.tif,44.7544889,-0.1704431,152.063004
LUGASSON/lug00000738_560nm.tif,lug00000738_560nm.tif,44.7542579,-0.170501,151.363007
LUGASSON/lug00000739_560nm.tif,lug00000739_560nm.tif,44.7540129,-0.1705645,151.162994
LUGASSON/lug00000740_560nm.tif,lug00000740_560nm.tif,44.7537874,-0.1706338,151.863007
LUGASSON/lug00000741_560nm.tif,lug00000741_560nm.tif,44.7535544,-0.1707007,152.563004
LUGASSON/lug00000742_560nm.tif,lug00000742_560nm.tif,44.7533194,-0.1707715,153.263
LUGASSON/lug00000743_560nm.tif,lug00000743_560nm.tif,44.7530637,-0.1708473,153.363007
LUGASSON/lug00000745_560nm.tif,lug00000745_560nm.tif,44.7525629,-0.1709489,152.363007
LUGASSON/lug00000746_560nm.tif,lug00000746_560nm.tif,44.7523117,-0.17098,152.962997
LUGASSON/lug00000747_560nm.tif,lug00000747_560nm.tif,44.7520707,-0.1710164,154.863007
LUGASSON/lug00000748_560nm.tif,lug00000748_560nm.tif,44.7518091,-0.17108,156.363007
LUGASSON/lug00000749_560nm.tif,lug00000749_560nm.tif,44.7515662,-0.1711352,158.962997
LUGASSON/lug00000750_560nm.tif,lug00000750_560nm.tif,44.7513464,-0.1711887,160.863007
LUGASSON/lug00000751_560nm.tif,lug00000751_560nm.tif,44.7511087,-0.1712523,160.162994
LUGASSON/lug00000752_560nm.tif,lug00000752_560nm.tif,44.7508627,-0.1713186,156.763
LUGASSON/lug00000753_560nm.tif,lug00000753_560nm.tif,44.7506209,-0.1713646,154.863007
LUGASSON/lug00000754_560nm.tif,lug00000754_560nm.tif,44.7503797,-0.1713993,154.462997
LUGASSON/lug00000755_560nm.tif,lug00000755_560nm.tif,44.7501407,-0.1714399,154.863007
LUGASSON/lug00000756_560nm.tif,lug00000756_560nm.tif,44.7498778,-0.1714936,154.662994
LUGASSON/lug00000757_560nm.tif,lug00000757_560nm.tif,44.7496332,-0.1715578,153.662994
LUGASSON/lug00000758_560nm.tif,lug00000758_560nm.tif,44.7493779,-0.1716269,153.063004
LUGASSON/lug00000759_560nm.tif,lug00000759_560nm.tif,44.7491309,-0.1716946,151.962997
LUGASSON/lug00000760_560nm.tif,lug00000760_560nm.tif,44.7488912,-0.1717514,151.363007
LUGASSON/lug00000761_560nm.tif,lug00000761_560nm.tif,44.7486417,-0.1718061,151.263
LUGASSON/lug00000762_560nm.tif,lug00000762_560nm.tif,44.7484018,-0.1718559,150.962997
LUGASSON/lug00000763_560nm.tif,lug00000763_560nm.tif,44.7481678,-0.1719189,150.462997
LUGASSON/lug00000764_560nm.tif,lug00000764_560nm.tif,44.747918,-0.1719866,149.063004
LUGASSON/lug00000774_560nm.tif,lug00000774_560nm.tif,44.7474661,-0.1711211,146.063004
LUGASSON/lug00000778_560nm.tif,lug00000778_560nm.tif,44.747829,-0.1715983,145.962997
LUGASSON/lug00000779_560nm.tif,lug00000779_560nm.tif,44.7479966,-0.1715551,146.063004
LUGASSON/lug00000780_560nm.tif,lug00000780_560nm.tif,44.748147,-0.1714902,148.063004
LUGASSON/lug00000781_560nm.tif,lug00000781_560nm.tif,44.7482936,-0.1714039,150.462997
LUGASSON/lug00000783_560nm.tif,lug00000783_560nm.tif,44.748571,-0.1713096,150.363007
LUGASSON/lug00000784_560nm.tif,lug00000784_560nm.tif,44.7487074,-0.1713086,149.662994
LUGASSON/lug00000785_560nm.tif,lug00000785_560nm.tif,44.7488394,-0.1713218,148.962997
LUGASSON/lug00000786_560nm.tif,lug00000786_560nm.tif,44.7489777,-0.1713368,148.162994
LUGASSON/lug00000787_560nm.tif,lug00000787_560nm.tif,44.7491201,-0.1713363,148.063004
LUGASSON/lug00000788_560nm.tif,lug00000788_560nm.tif,44.7492647,-0.1713147,148.863007
LUGASSON/lug00000789_560nm.tif,lug00000789_560nm.tif,44.7494031,-0.1712668,150.162994
LUGASSON/lug00000792_560nm.tif,lug00000792_560nm.tif,44.7498411,-0.1711028,151.863007
LUGASSON/lug00000793_560nm.tif,lug00000793_560nm.tif,44.7499825,-0.1710931,152.363007
LUGASSON/lug00000794_560nm.tif,lug00000794_560nm.tif,44.7501192,-0.1710927,151.763
LUGASSON/lug00000795_560nm.tif,lug00000795_560nm.tif,44.7502491,-0.1710852,150.563004
LUGASSON/lug00000796_560nm.tif,lug00000796_560nm.tif,44.7503735,-0.1710746,149.063004
LUGASSON/lug00000797_560nm.tif,lug00000797_560nm.tif,44.7505051,-0.17105,147.863007
LUGASSON/lug00000798_560nm.tif,lug00000798_560nm.tif,44.7506362,-0.1710262,147.063004
LUGASSON/lug00000799_560nm.tif,lug00000799_560nm.tif,44.7507781,-0.1710106,146.563004
LUGASSON/lug00000800_560nm.tif,lug00000800_560nm.tif,44.7509182,-0.1709779,145.863007
LUGASSON/lug00000802_560nm.tif,lug00000802_560nm.tif,44.751207,-0.1709362,145.563004
LUGASSON/lug00000803_560nm.tif,lug00000803_560nm.tif,44.7513571,-0.1709257,147.162994
LUGASSON/lug00000804_560nm.tif,lug00000804_560nm.tif,44.7515063,-0.1708948,148.962997
LUGASSON/lug00000805_560nm.tif,lug00000805_560nm.tif,44.7516621,-0.170822,149.763
LUGASSON/lug00000810_560nm.tif,lug00000810_560nm.tif,44.7524113,-0.1705211,150.662994
LUGASSON/lug00000811_560nm.tif,lug00000811_560nm.tif,44.7525506,-0.1705559,149.462997
LUGASSON/lug00000812_560nm.tif,lug00000812_560nm.tif,44.7527099,-0.1705747,148.363007
LUGASSON/lug00000813_560nm.tif,lug00000813_560nm.tif,44.7528632,-0.1705721,148.063004
LUGASSON/lug00000814_560nm.tif,lug00000814_560nm.tif,44.7530184,-0.1705541,149.363007
LUGASSON/lug00000815_560nm.tif,lug00000815_560nm.tif,44.7531818,-0.170522,150.662994
LUGASSON/lug00000816_560nm.tif,lug00000816_560nm.tif,44.7533464,-0.1704669,150.662994
LUGASSON/lug00000817_560nm.tif,lug00000817_560nm.tif,44.7535204,-0.1703969,149.863007
LUGASSON/lug00000818_560nm.tif,lug00000818_560nm.tif,44.7536877,-0.1703305,150.962997
LUGASSON/lug00000822_560nm.tif,lug00000822_560nm.tif,44.7543668,-0.1701523,151.162994
LUGASSON/lug00000823_560nm.tif,lug00000823_560nm.tif,44.7545364,-0.1701563,150.763
LUGASSON/lug00000824_560nm.tif,lug00000824_560nm.tif,44.7547042,-0.1701722,151.563004
LUGASSON/lug00000825_560nm.tif,lug00000825_560nm.tif,44.7548739,-0.17018,151.363007
LUGASSON/lug00000826_560nm.tif,lug00000826_560nm.tif,44.7550475,-0.1701419,151.263
LUGASSON/lug00000827_560nm.tif,lug00000827_560nm.tif,44.7552208,-0.1700868,153.063004
LUGASSON/lug00000828_560nm.tif,lug00000828_560nm.tif,44.7553739,-0.1700249,154.563004
LUGASSON/lug00000829_560nm.tif,lug00000829_560nm.tif,44.7555245,-0.1699534,154.662994
LUGASSON/lug00000830_560nm.tif,lug00000830_560nm.tif,44.7556762,-0.1698775,153.462997
LUGASSON/lug00000832_560nm.tif,lug00000832_560nm.tif,44.7560048,-0.1697879,153.162994
LUGASSON/lug00000833_560nm.tif,lug00000833_560nm.tif,44.7561669,-0.1697808,154.162994
LUGASSON/lug00000834_560nm.tif,lug00000834_560nm.tif,44.7563361,-0.1697778,155.263
LUGASSON/lug00000835_560nm.tif,lug00000835_560nm.tif,44.7564942,-0.1697505,154.863007
LUGASSON/lug00000836_560nm.tif,lug00000836_560nm.tif,44.7566469,-0.1696901,152.763
LUGASSON/lug00000837_560nm.tif,lug00000837_560nm.tif,44.7567983,-0.1696068,151.563004
LUGASSON/lug00000847_560nm.tif,lug00000847_560nm.tif,44.7562206,-0.1686955,147.662994
LUGASSON/lug00000853_560nm.tif,lug00000853_560nm.tif,44.7551969,-0.1695558,147.662994
LUGASSON/lug00000854_560nm.tif,lug00000854_560nm.tif,44.7549727,-0.1696155,147.263
LUGASSON/lug00000855_560nm.tif,lug00000855_560nm.tif,44.7547467,-0.1696757,147.763
LUGASSON/lug00000856_560nm.tif,lug00000856_560nm.tif,44.7545268,-0.1697372,148.462997
LUGASSON/lug00000857_560nm.tif,lug00000857_560nm.tif,44.7543015,-0.1697953,148.662994
LUGASSON/lug00000858_560nm.tif,lug00000858_560nm.tif,44.7540563,-0.1698537,148.962997
LUGASSON/lug00000859_560nm.tif,lug00000859_560nm.tif,44.7538227,-0.169896,149.063004
LUGASSON/lug00000860_560nm.tif,lug00000860_560nm.tif,44.7535813,-0.1699453,150.162994
LUGASSON/lug00000861_560nm.tif,lug00000861_560nm.tif,44.7533588,-0.1699976,151.662994
LUGASSON/lug00000862_560nm.tif,lug00000862_560nm.tif,44.7531175,-0.1700591,152.662994
LUGASSON/lug00000863_560nm.tif,lug00000863_560nm.tif,44.7528723,-0.1701403,151.863007
LUGASSON/lug00000864_560nm.tif,lug00000864_560nm.tif,44.7526471,-0.1702217,152.263
LUGASSON/lug00000867_560nm.tif,lug00000867_560nm.tif,44.7519344,-0.1703861,155.462997
LUGASSON/lug00000868_560nm.tif,lug00000868_560nm.tif,44.7516979,-0.1704155,154.962997
LUGASSON/lug00000869_560nm.tif,lug00000869_560nm.tif,44.7514645,-0.1704489,154.063004
LUGASSON/lug00000870_560nm.tif,lug00000870_560nm.tif,44.7512461,-0.1704852,153.263
LUGASSON/lug00000871_560nm.tif,lug00000871_560nm.tif,44.7510303,-0.1705307,152.563004
LUGASSON/lug00000872_560nm.tif,lug00000872_560nm.tif,44.7508054,-0.1705848,151.863007
LUGASSON/lug00000873_560nm.tif,lug00000873_560nm.tif,44.7505773,-0.1706381,151.462997
LUGASSON/lug00000874_560nm.tif,lug00000874_560nm.tif,44.750366,-0.170685,150.962997
LUGASSON/lug00000875_560nm.tif,lug00000875_560nm.tif,44.7501507,-0.1707346,149.863007
LUGASSON/lug00000876_560nm.tif,lug00000876_560nm.tif,44.7499344,-0.1707816,148.363007
LUGASSON/lug00000877_560nm.tif,lug00000877_560nm.tif,44.749714,-0.1708242,146.563004
LUGASSON/lug00000878_560nm.tif,lug00000878_560nm.tif,44.749487,-0.1708666,145.263
LUGASSON/lug00000879_560nm.tif,lug00000879_560nm.tif,44.7492634,-0.1709226,145.563004
LUGASSON/lug00000881_560nm.tif,lug00000881_560nm.tif,44.748803,-0.1710571,147.063004
LUGASSON/lug00000882_560nm.tif,lug00000882_560nm.tif,44.7485676,-0.1711181,147.462997
LUGASSON/lug00000883_560nm.tif,lug00000883_560nm.tif,44.748318,-0.1711668,148.162994
LUGASSON/lug00000884_560nm.tif,lug00000884_560nm.tif,44.7480948,-0.1712034,149.162994
LUGASSON/lug00000885_560nm.tif,lug00000885_560nm.tif,44.7478522,-0.1712517,149.662994
LUGASSON/lug00000895_560nm.tif,lug00000895_560nm.tif,44.7475555,-0.1704465,144.962997
LUGASSON/lug00000900_560nm.tif,lug00000900_560nm.tif,44.7481741,-0.1708177,149.162994
LUGASSON/lug00000902_560nm.tif,lug00000902_560nm.tif,44.7484916,-0.1706447,149.363007
LUGASSON/lug00000904_560nm.tif,lug00000904_560nm.tif,44.7487926,-0.1705462,149.662994
LUGASSON/lug00000905_560nm.tif,lug00000905_560nm.tif,44.7489471,-0.1705272,150.263
LUGASSON/lug00000906_560nm.tif,lug00000906_560nm.tif,44.7490948,-0.1705179,150.063004
LUGASSON/lug00000907_560nm.tif,lug00000907_560nm.tif,44.7492418,-0.1705249,149.462997
LUGASSON/lug00000908_560nm.tif,lug00000908_560nm.tif,44.7493947,-0.1705411,148.962997
LUGASSON/lug00000909_560nm.tif,lug00000909_560nm.tif,44.7495495,-0.1705426,148.563004
LUGASSON/lug00000910_560nm.tif,lug00000910_560nm.tif,44.7497058,-0.1705058,148.162994
LUGASSON/lug00000911_560nm.tif,lug00000911_560nm.tif,44.74987,-0.1704367,147.863007
LUGASSON/lug00000916_560nm.tif,lug00000916_560nm.tif,44.7507004,-0.1702887,150.962997
LUGASSON/lug00000917_560nm.tif,lug00000917_560nm.tif,44.7508602,-0.1703204,151.962997
LUGASSON/lug00000918_560nm.tif,lug00000918_560nm.tif,44.7510184,-0.1703371,153.162994
LUGASSON/lug00000920_560nm.tif,lug00000920_560nm.tif,44.7513241,-0.1702887,153.962997
LUGASSON/lug00000921_560nm.tif,lug00000921_560nm.tif,44.7514733,-0.1702093,153.662994
LUGASSON/lug00000923_560nm.tif,lug00000923_560nm.tif,44.7517745,-0.1700208,152.863007
LUGASSON/lug00000926_560nm.tif,lug00000926_560nm.tif,44.7522297,-0.1698953,150.962997
LUGASSON/lug00000927_560nm.tif,lug00000927_560nm.tif,44.7523809,-0.1698817,150.162994
LUGASSON/lug00000928_560nm.tif,lug00000928_560nm.tif,44.7525313,-0.169863,149.462997
LUGASSON/lug00000929_560nm.tif,lug00000929_560nm.tif,44.7526789,-0.1698344,148.363007
LUGASSON/lug00000930_560nm.tif,lug00000930_560nm.tif,44.7528281,-0.1697952,147.263
LUGASSON/lug00000931_560nm.tif,lug00000931_560nm.tif,44.752981,-0.1697524,147.063004
LUGASSON/lug00000933_560nm.tif,lug00000933_560nm.tif,44.7532745,-0.1696793,148.563004
LUGASSON/lug00000934_560nm.tif,lug00000934_560nm.tif,44.7534224,-0.1696675,150.063004
LUGASSON/lug00000935_560nm.tif,lug00000935_560nm.tif,44.7535665,-0.1696591,150.962997
LUGASSON/lug00000936_560nm.tif,lug00000936_560nm.tif,44.7537124,-0.1696364,150.662994
LUGASSON/lug00000937_560nm.tif,lug00000937_560nm.tif,44.7538641,-0.1695944,150.263
LUGASSON/lug00000938_560nm.tif,lug00000938_560nm.tif,44.7540106,-0.1695455,150.263
LUGASSON/lug00000940_560nm.tif,lug00000940_560nm.tif,44.7543053,-0.1694488,151.162994
LUGASSON/lug00000941_560nm.tif,lug00000941_560nm.tif,44.754448,-0.1694232,151.863007
LUGASSON/lug00000942_560nm.tif,lug00000942_560nm.tif,44.7545888,-0.1694043,151.662994
LUGASSON/lug00000943_560nm.tif,lug00000943_560nm.tif,44.7547266,-0.1693957,150.563004
LUGASSON/lug00000944_560nm.tif,lug00000944_560nm.tif,44.7548759,-0.1693754,149.563004
LUGASSON/lug00000945_560nm.tif,lug00000945_560nm.tif,44.7550178,-0.1693338,150.563004
LUGASSON/lug00000947_560nm.tif,lug00000947_560nm.tif,44.7553063,-0.1692169,153.063004
LUGASSON/lug00000949_560nm.tif,lug00000949_560nm.tif,44.7556067,-0.169119,151.662994
LUGASSON/lug00000951_560nm.tif,lug00000951_560nm.tif,44.7559058,-0.1691111,151.863007
LUGASSON/lug00000952_560nm.tif,lug00000952_560nm.tif,44.756055,-0.1691033,152.263
LUGASSON/lug00000953_560nm.tif,lug00000953_560nm.tif,44.756208,-0.1690907,152.462997
LUGASSON/lug00000954_560nm.tif,lug00000954_560nm.tif,44.7563614,-0.1690484,152.563004
LUGASSON/lug00000955_560nm.tif,lug00000955_560nm.tif,44.7565292,-0.1689594,151.662994
LUGASSON/lug00000957_560nm.tif,lug00000957_560nm.tif,44.7568373,-0.1687754,148.962997
LUGASSON/lug00000965_560nm.tif,lug00000965_560nm.tif,44.756136,-0.1679852,145.763
LUGASSON/lug00000969_560nm.tif,lug00000969_560nm.tif,44.7556012,-0.1686558,146.363007
LUGASSON/lug00000971_560nm.tif,lug00000971_560nm.tif,44.7551804,-0.1688328,150.063004
LUGASSON/lug00000972_560nm.tif,lug00000972_560nm.tif,44.754957,-0.1688974,151.263
LUGASSON/lug00000973_560nm.tif,lug00000973_560nm.tif,44.7547368,-0.1689625,151.162994
LUGASSON/lug00000974_560nm.tif,lug00000974_560nm.tif,44.7545251,-0.1690159,151.263
LUGASSON/lug00000975_560nm.tif,lug00000975_560nm.tif,44.7543146,-0.1690655,151.162994
LUGASSON/lug00000976_560nm.tif,lug00000976_560nm.tif,44.7540968,-0.1691073,149.662994
LUGASSON/lug00000977_560nm.tif,lug00000977_560nm.tif,44.7538761,-0.1691525,148.563004
LUGASSON/lug00000978_560nm.tif,lug00000978_560nm.tif,44.7536487,-0.1691979,146.563004
LUGASSON/lug00000979_560nm.tif,lug00000979_560nm.tif,44.7534097,-0.1692613,145.063004
LUGASSON/lug00000980_560nm.tif,lug00000980_560nm.tif,44.7531834,-0.1693347,144.263
LUGASSON/lug00000981_560nm.tif,lug00000981_560nm.tif,44.7529435,-0.1693979,144.563004
LUGASSON/lug00000982_560nm.tif,lug00000982_560nm.tif,44.7527245,-0.1694525,144.763
LUGASSON/lug00000983_560nm.tif,lug00000983_560nm.tif,44.7524939,-0.1695303,144.462997
LUGASSON/lug00000985_560nm.tif,lug00000985_560nm.tif,44.7520075,-0.1696472,144.962997
LUGASSON/lug00000986_560nm.tif,lug00000986_560nm.tif,44.7517594,-0.1697007,146.263
LUGASSON/lug00000987_560nm.tif,lug00000987_560nm.tif,44.7515142,-0.1697607,148.063004
LUGASSON/lug00000988_560nm.tif,lug00000988_560nm.tif,44.7512698,-0.1698257,149.263
LUGASSON/lug00000989_560nm.tif,lug00000989_560nm.tif,44.7510316,-0.1698803,150.063004
LUGASSON/lug00000990_560nm.tif,lug00000990_560nm.tif,44.7507934,-0.1699169,150.763
LUGASSON/lug00000992_560nm.tif,lug00000992_560nm.tif,44.7502854,-0.1699785,152.263
LUGASSON/lug00000993_560nm.tif,lug00000993_560nm.tif,44.7500365,-0.170042,151.962997
LUGASSON/lug00000995_560nm.tif,lug00000995_560nm.tif,44.7495717,-0.1701492,152.563004
LUGASSON/lug00000996_560nm.tif,lug00000996_560nm.tif,44.7493301,-0.1701942,151.863007
LUGASSON/lug00000997_560nm.tif,lug00000997_560nm.tif,44.7490816,-0.1702477,149.763
LUGASSON/lug00000998_560nm.tif,lug00000998_560nm.tif,44.7488445,-0.1703275,149.063004
LUGASSON/lug00001000_560nm.tif,lug00001000_560nm.tif,44.7483902,-0.1704843,152.563004
LUGASSON/lug00001003_560nm.tif,lug00001003_560nm.tif,44.7477026,-0.1706241,153.763
LUGASSON/lug00001012_560nm.tif,lug00001012_560nm.tif,44.7476165,-0.1695865,149.363007
LUGASSON/lug00001013_560nm.tif,lug00001013_560nm.tif,44.7476994,-0.1698002,149.662994
LUGASSON/lug00001017_560nm.tif,lug00001017_560nm.tif,44.7482834,-0.1701545,149.263
LUGASSON/lug00001018_560nm.tif,lug00001018_560nm.tif,44.7484651,-0.1700905,149.662994
LUGASSON/lug00001019_560nm.tif,lug00001019_560nm.tif,44.7486295,-0.1700182,151.763
LUGASSON/lug00001022_560nm.tif,lug00001022_560nm.tif,44.74916,-0.1698591,154.462997
LUGASSON/lug00001023_560nm.tif,lug00001023_560nm.tif,44.74935,-0.1698424,153.962997
LUGASSON/lug00001024_560nm.tif,lug00001024_560nm.tif,44.7495453,-0.1698091,154.162994
LUGASSON/lug00001025_560nm.tif,lug00001025_560nm.tif,44.7497306,-0.1697548,154.662994
LUGASSON/lug00001028_560nm.tif,lug00001028_560nm.tif,44.7503085,-0.1696373,157.962997
LUGASSON/lug00001029_560nm.tif,lug00001029_560nm.tif,44.7504998,-0.1695991,157.563004
LUGASSON/lug00001030_560nm.tif,lug00001030_560nm.tif,44.7506759,-0.1695736,157.962997
LUGASSON/lug00001031_560nm.tif,lug00001031_560nm.tif,44.7508538,-0.1695222,157.363007
LUGASSON/lug00001032_560nm.tif,lug00001032_560nm.tif,44.7510282,-0.1694618,157.462997
LUGASSON/lug00001033_560nm.tif,lug00001033_560nm.tif,44.7511859,-0.1693934,158.462997
LUGASSON/lug00001034_560nm.tif,lug00001034_560nm.tif,44.7513414,-0.1693432,158.363007
LUGASSON/lug00001035_560nm.tif,lug00001035_560nm.tif,44.7514895,-0.1693134,157.563004
LUGASSON/lug00001036_560nm.tif,lug00001036_560nm.tif,44.7516326,-0.1692923,155.863007
LUGASSON/lug00001037_560nm.tif,lug00001037_560nm.tif,44.7517732,-0.169279,153.563004
LUGASSON/lug00001038_560nm.tif,lug00001038_560nm.tif,44.7519145,-0.1692602,151.863007
LUGASSON/lug00001039_560nm.tif,lug00001039_560nm.tif,44.7520607,-0.169223,150.962997
LUGASSON/lug00001040_560nm.tif,lug00001040_560nm.tif,44.7522135,-0.1691759,150.162994
LUGASSON/lug00001042_560nm.tif,lug00001042_560nm.tif,44.7525055,-0.1691386,150.763
LUGASSON/lug00001044_560nm.tif,lug00001044_560nm.tif,44.7528169,-0.169116,153.363007
LUGASSON/lug00001045_560nm.tif,lug00001045_560nm.tif,44.7529759,-0.1690957,152.462997
LUGASSON/lug00001048_560nm.tif,lug00001048_560nm.tif,44.7534966,-0.1688234,151.662994
LUGASSON/lug00001053_560nm.tif,lug00001053_560nm.tif,44.7542397,-0.1686769,150.662994
LUGASSON/lug00001054_560nm.tif,lug00001054_560nm.tif,44.7543852,-0.1687176,149.263
LUGASSON/lug00001055_560nm.tif,lug00001055_560nm.tif,44.7545365,-0.1687224,149.063004
LUGASSON/lug00001056_560nm.tif,lug00001056_560nm.tif,44.7546857,-0.1686741,149.563004
LUGASSON/lug00001057_560nm.tif,lug00001057_560nm.tif,44.7548474,-0.1686154,149.863007
LUGASSON/lug00001058_560nm.tif,lug00001058_560nm.tif,44.7550124,-0.1685768,149.962997
LUGASSON/lug00001060_560nm.tif,lug00001060_560nm.tif,44.7553338,-0.1686327,151.863007
LUGASSON/lug00001061_560nm.tif,lug00001061_560nm.tif,44.7554992,-0.1686577,154.162994
LUGASSON/lug00001062_560nm.tif,lug00001062_560nm.tif,44.7556572,-0.1686366,156.063004
LUGASSON/lug00001063_560nm.tif,lug00001063_560nm.tif,44.7558129,-0.16859,157.263
LUGASSON/lug00001064_560nm.tif,lug00001064_560nm.tif,44.7559564,-0.1685319,156.563004
LUGASSON/lug00001065_560nm.tif,lug00001065_560nm.tif,44.7561095,-0.1684307,155.662994
LUGASSON/lug00001066_560nm.tif,lug00001066_560nm.tif,44.7562737,-0.168324,156.063004
LUGASSON/lug00001067_560nm.tif,lug00001067_560nm.tif,44.7564343,-0.1682136,156.462997
LUGASSON/lug00001077_560nm.tif,lug00001077_560nm.tif,44.7559273,-0.1672116,156.462997
LUGASSON/lug00001083_560nm.tif,lug00001083_560nm.tif,44.7550031,-0.168131,149.662994
LUGASSON/lug00001087_560nm.tif,lug00001087_560nm.tif,44.7540823,-0.1683923,150.563004
LUGASSON/lug00001088_560nm.tif,lug00001088_560nm.tif,44.7538003,-0.1684239,152.962997
LUGASSON/lug00001089_560nm.tif,lug00001089_560nm.tif,44.7535175,-0.1684803,155.462997
LUGASSON/lug00001090_560nm.tif,lug00001090_560nm.tif,44.7532571,-0.1685522,154.263
LUGASSON/lug00001091_560nm.tif,lug00001091_560nm.tif,44.7530314,-0.1686055,152.662994
LUGASSON/lug00001092_560nm.tif,lug00001092_560nm.tif,44.7527986,-0.1686468,150.162994
LUGASSON/lug00001093_560nm.tif,lug00001093_560nm.tif,44.7525629,-0.1686916,146.662994
LUGASSON/lug00001094_560nm.tif,lug00001094_560nm.tif,44.7523438,-0.1687674,146.162994
LUGASSON/lug00001096_560nm.tif,lug00001096_560nm.tif,44.7518807,-0.1689186,148.863007
LUGASSON/lug00001097_560nm.tif,lug00001097_560nm.tif,44.7516397,-0.1689879,150.763
LUGASSON/lug00001098_560nm.tif,lug00001098_560nm.tif,44.7514092,-0.1690548,152.462997
LUGASSON/lug00001100_560nm.tif,lug00001100_560nm.tif,44.7509643,-0.1691689,152.462997
LUGASSON/lug00001102_560nm.tif,lug00001102_560nm.tif,44.7504652,-0.1692449,152.462997
LUGASSON/lug00001103_560nm.tif,lug00001103_560nm.tif,44.7502269,-0.1692686,150.563004
LUGASSON/lug00001104_560nm.tif,lug00001104_560nm.tif,44.7499993,-0.1693302,148.363007
LUGASSON/lug00001105_560nm.tif,lug00001105_560nm.tif,44.7497845,-0.1694282,147.363007
LUGASSON/lug00001108_560nm.tif,lug00001108_560nm.tif,44.7491137,-0.1696362,146.962997
LUGASSON/lug00001109_560nm.tif,lug00001109_560nm.tif,44.7488862,-0.1696722,147.263
LUGASSON/lug00001110_560nm.tif,lug00001110_560nm.tif,44.748643,-0.169735,146.863007
LUGASSON/lug00001112_560nm.tif,lug00001112_560nm.tif,44.7481523,-0.1698269,146.763
LUGASSON/lug00001113_560nm.tif,lug00001113_560nm.tif,44.747907,-0.1698539,148.462997
LUGASSON/lug00001114_560nm.tif,lug00001114_560nm.tif,44.7476583,-0.1698798,150.962997
LUGASSON/lug00001123_560nm.tif,lug00001123_560nm.tif,44.7473395,-0.1689983,149.863007
LUGASSON/lug00001128_560nm.tif,lug00001128_560nm.tif,44.7479922,-0.1695269,158.863007
LUGASSON/lug00001129_560nm.tif,lug00001129_560nm.tif,44.7481352,-0.1694398,155.962997
LUGASSON/lug00001130_560nm.tif,lug00001130_560nm.tif,44.7482895,-0.1693208,151.863007
LUGASSON/lug00001131_560nm.tif,lug00001131_560nm.tif,44.7484324,-0.1692262,149.563004
LUGASSON/lug00001133_560nm.tif,lug00001133_560nm.tif,44.7487411,-0.1691375,149.063004
LUGASSON/lug00001134_560nm.tif,lug00001134_560nm.tif,44.7488898,-0.1691483,150.162994
LUGASSON/lug00001135_560nm.tif,lug00001135_560nm.tif,44.7490413,-0.1691685,150.763
LUGASSON/lug00001136_560nm.tif,lug00001136_560nm.tif,44.7492069,-0.1691683,151.063004
LUGASSON/lug00001137_560nm.tif,lug00001137_560nm.tif,44.7493755,-0.1691022,149.863007
LUGASSON/lug00001140_560nm.tif,lug00001140_560nm.tif,44.749885,-0.1689372,151.063004
LUGASSON/lug00001141_560nm.tif,lug00001141_560nm.tif,44.7500465,-0.1689231,152.763
LUGASSON/lug00001142_560nm.tif,lug00001142_560nm.tif,44.7502069,-0.168902,152.162994
LUGASSON/lug00001143_560nm.tif,lug00001143_560nm.tif,44.7503682,-0.1688795,152.763
LUGASSON/lug00001144_560nm.tif,lug00001144_560nm.tif,44.750535,-0.1688527,152.763
LUGASSON/lug00001145_560nm.tif,lug00001145_560nm.tif,44.7507034,-0.1688182,153.863007
LUGASSON/lug00001147_560nm.tif,lug00001147_560nm.tif,44.7510128,-0.1687988,156.363007
LUGASSON/lug00001148_560nm.tif,lug00001148_560nm.tif,44.7511469,-0.1687836,157.363007
LUGASSON/lug00001149_560nm.tif,lug00001149_560nm.tif,44.7512847,-0.1687333,156.462997
LUGASSON/lug00001150_560nm.tif,lug00001150_560nm.tif,44.7514177,-0.1686564,154.263
LUGASSON/lug00001153_560nm.tif,lug00001153_560nm.tif,44.7518144,-0.168491,149.363007
LUGASSON/lug00001154_560nm.tif,lug00001154_560nm.tif,44.751946,-0.168485,148.863007
LUGASSON/lug00001155_560nm.tif,lug00001155_560nm.tif,44.752074,-0.1684939,147.962997
LUGASSON/lug00001156_560nm.tif,lug00001156_560nm.tif,44.7522097,-0.1685005,147.662994
LUGASSON/lug00001157_560nm.tif,lug00001157_560nm.tif,44.7523506,-0.1684993,147.563004
LUGASSON/lug00001158_560nm.tif,lug00001158_560nm.tif,44.7524891,-0.1684877,148.063004
LUGASSON/lug00001159_560nm.tif,lug00001159_560nm.tif,44.7526287,-0.1684611,148.763
LUGASSON/lug00001160_560nm.tif,lug00001160_560nm.tif,44.7527673,-0.1684127,149.162994
LUGASSON/lug00001161_560nm.tif,lug00001161_560nm.tif,44.7529104,-0.1683493,148.863007
LUGASSON/lug00001162_560nm.tif,lug00001162_560nm.tif,44.7530559,-0.1682867,148.363007
LUGASSON/lug00001164_560nm.tif,lug00001164_560nm.tif,44.7533513,-0.1682245,146.962997
LUGASSON/lug00001165_560nm.tif,lug00001165_560nm.tif,44.7534838,-0.1682196,146.662994
LUGASSON/lug00001166_560nm.tif,lug00001166_560nm.tif,44.7536153,-0.1682021,146.462997
LUGASSON/lug00001167_560nm.tif,lug00001167_560nm.tif,44.7537533,-0.1681895,146.662994
LUGASSON/lug00001168_560nm.tif,lug00001168_560nm.tif,44.7538851,-0.1681569,147.263
LUGASSON/lug00001169_560nm.tif,lug00001169_560nm.tif,44.7540268,-0.1681217,147.962997
LUGASSON/lug00001170_560nm.tif,lug00001170_560nm.tif,44.7541589,-0.168078,148.363007
LUGASSON/lug00001171_560nm.tif,lug00001171_560nm.tif,44.7542964,-0.1680237,147.662994
LUGASSON/lug00001172_560nm.tif,lug00001172_560nm.tif,44.7544254,-0.167984,147.162994
LUGASSON/lug00001173_560nm.tif,lug00001173_560nm.tif,44.7545687,-0.1679601,147.162994
LUGASSON/lug00001174_560nm.tif,lug00001174_560nm.tif,44.7547052,-0.1679458,148.162994
LUGASSON/lug00001175_560nm.tif,lug00001175_560nm.tif,44.7548526,-0.1679211,148.763
LUGASSON/lug00001176_560nm.tif,lug00001176_560nm.tif,44.7550077,-0.167906,150.162994
LUGASSON/lug00001177_560nm.tif,lug00001177_560nm.tif,44.75515,-0.1678681,151.363007
LUGASSON/lug00001178_560nm.tif,lug00001178_560nm.tif,44.7552921,-0.1678143,152.662994
LUGASSON/lug00001179_560nm.tif,lug00001179_560nm.tif,44.75543,-0.167764,154.162994
LUGASSON/lug00001182_560nm.tif,lug00001182_560nm.tif,44.755843,-0.1676463,151.962997
LUGASSON/lug00001183_560nm.tif,lug00001183_560nm.tif,44.7559766,-0.1676207,151.063004
LUGASSON/lug00001184_560nm.tif,lug00001184_560nm.tif,44.7561135,-0.1675973,150.063004
LUGASSON/lug00001185_560nm.tif,lug00001185_560nm.tif,44.7562589,-0.1675788,148.962997
LUGASSON/lug00001186_560nm.tif,lug00001186_560nm.tif,44.7564115,-0.1675505,148.063004
LUGASSON/lug00001200_560nm.tif,lug00001200_560nm.tif,44.755192,-0.1672957,143.063004
LUGASSON/lug00001201_560nm.tif,lug00001201_560nm.tif,44.7550054,-0.1673779,144.363007
LUGASSON/lug00001202_560nm.tif,lug00001202_560nm.tif,44.754791,-0.1674544,145.263
LUGASSON/lug00001203_560nm.tif,lug00001203_560nm.tif,44.754589,-0.1675156,145.063004
LUGASSON/lug00001204_560nm.tif,lug00001204_560nm.tif,44.7543792,-0.167574,144.763
LUGASSON/lug00001205_560nm.tif,lug00001205_560nm.tif,44.7541663,-0.1676311,144.563004
LUGASSON/lug00001206_560nm.tif,lug00001206_560nm.tif,44.7539508,-0.1676842,144.662994
LUGASSON/lug00001207_560nm.tif,lug00001207_560nm.tif,44.7537218,-0.1677517,144.563004
LUGASSON/lug00001208_560nm.tif,lug00001208_560nm.tif,44.753501,-0.167817,144.263
LUGASSON/lug00001209_560nm.tif,lug00001209_560nm.tif,44.753259,-0.1678797,143.662994
LUGASSON/lug00001210_560nm.tif,lug00001210_560nm.tif,44.7530239,-0.1679356,143.662994
LUGASSON/lug00001211_560nm.tif,lug00001211_560nm.tif,44.7527913,-0.1679948,144.662994
LUGASSON/lug00001212_560nm.tif,lug00001212_560nm.tif,44.7525594,-0.1680616,145.263
LUGASSON/lug00001213_560nm.tif,lug00001213_560nm.tif,44.7523179,-0.1681252,146.462997
LUGASSON/lug00001214_560nm.tif,lug00001214_560nm.tif,44.7520788,-0.1681785,147.662994
LUGASSON/lug00001215_560nm.tif,lug00001215_560nm.tif,44.7518244,-0.1682235,148.263
LUGASSON/lug00001216_560nm.tif,lug00001216_560nm.tif,44.751564,-0.168264,149.063004
LUGASSON/lug00001217_560nm.tif,lug00001217_560nm.tif,44.7513167,-0.1683111,149.962997
LUGASSON/lug00001218_560nm.tif,lug00001218_560nm.tif,44.7510677,-0.1683665,150.962997
LUGASSON/lug00001219_560nm.tif,lug00001219_560nm.tif,44.7508287,-0.1684467,151.363007
LUGASSON/lug00001220_560nm.tif,lug00001220_560nm.tif,44.7505947,-0.1685315,152.263
LUGASSON/lug00001224_560nm.tif,lug00001224_560nm.tif,44.7496105,-0.1687533,149.763
LUGASSON/lug00001225_560nm.tif,lug00001225_560nm.tif,44.7493402,-0.1688114,150.863007
LUGASSON/lug00001226_560nm.tif,lug00001226_560nm.tif,44.7490846,-0.1688595,151.162994
LUGASSON/lug00001227_560nm.tif,lug00001227_560nm.tif,44.7488347,-0.1689062,151.263
LUGASSON/lug00001228_560nm.tif,lug00001228_560nm.tif,44.7485884,-0.1689558,152.662994
LUGASSON/lug00001229_560nm.tif,lug00001229_560nm.tif,44.7483573,-0.1690099,155.162994
LUGASSON/lug00001230_560nm.tif,lug00001230_560nm.tif,44.7481088,-0.1690836,156.162994
LUGASSON/lug00001232_560nm.tif,lug00001232_560nm.tif,44.7476164,-0.169215,152.863007
LUGASSON/lug00001242_560nm.tif,lug00001242_560nm.tif,44.747298,-0.1683699,151.763
LUGASSON/lug00001247_560nm.tif,lug00001247_560nm.tif,44.7479533,-0.1687307,153.962997
LUGASSON/lug00001250_560nm.tif,lug00001250_560nm.tif,44.7484702,-0.1684626,152.563004
LUGASSON/lug00001252_560nm.tif,lug00001252_560nm.tif,44.7488194,-0.1683962,156.563004
LUGASSON/lug00001254_560nm.tif,lug00001254_560nm.tif,44.7492053,-0.1683631,157.162994
LUGASSON/lug00001255_560nm.tif,lug00001255_560nm.tif,44.7494086,-0.1683281,160.063004
LUGASSON/lug00001256_560nm.tif,lug00001256_560nm.tif,44.7495952,-0.1682902,160.863007
LUGASSON/lug00001257_560nm.tif,lug00001257_560nm.tif,44.7497885,-0.1682474,159.563004
LUGASSON/lug00001258_560nm.tif,lug00001258_560nm.tif,44.7499812,-0.1682158,158.863007
LUGASSON/lug00001259_560nm.tif,lug00001259_560nm.tif,44.7501768,-0.16818,160.063004
LUGASSON/lug00001260_560nm.tif,lug00001260_560nm.tif,44.7503493,-0.1681498,162.162994
LUGASSON/lug00001261_560nm.tif,lug00001261_560nm.tif,44.7505182,-0.1681197,162.863007
LUGASSON/lug00001262_560nm.tif,lug00001262_560nm.tif,44.7506694,-0.168086,161.563004
LUGASSON/lug00001263_560nm.tif,lug00001263_560nm.tif,44.7508336,-0.1680425,159.363007
LUGASSON/lug00001266_560nm.tif,lug00001266_560nm.tif,44.7513185,-0.1680378,157.363007
LUGASSON/lug00001268_560nm.tif,lug00001268_560nm.tif,44.7516602,-0.1680143,155.063004
LUGASSON/lug00001269_560nm.tif,lug00001269_560nm.tif,44.751833,-0.1679234,154.063004
LUGASSON/lug00001270_560nm.tif,lug00001270_560nm.tif,44.7520007,-0.1677986,152.763
LUGASSON/lug00001273_560nm.tif,lug00001273_560nm.tif,44.7524907,-0.1675806,149.462997
LUGASSON/lug00001274_560nm.tif,lug00001274_560nm.tif,44.7526421,-0.1675751,149.363007
LUGASSON/lug00001275_560nm.tif,lug00001275_560nm.tif,44.7528016,-0.1675847,148.962997
LUGASSON/lug00001276_560nm.tif,lug00001276_560nm.tif,44.7529653,-0.1676226,148.662994
LUGASSON/lug00001277_560nm.tif,lug00001277_560nm.tif,44.7531213,-0.1676765,149.063004
LUGASSON/lug00001278_560nm.tif,lug00001278_560nm.tif,44.7532789,-0.1677049,150.462997
LUGASSON/lug00001279_560nm.tif,lug00001279_560nm.tif,44.7534397,-0.1676958,150.962997
LUGASSON/lug00001280_560nm.tif,lug00001280_560nm.tif,44.7536057,-0.1676335,151.063004
LUGASSON/lug00001281_560nm.tif,lug00001281_560nm.tif,44.7537717,-0.1675435,151.263
LUGASSON/lug00001282_560nm.tif,lug00001282_560nm.tif,44.7539349,-0.1674535,151.363007
LUGASSON/lug00001285_560nm.tif,lug00001285_560nm.tif,44.7544009,-0.1672998,151.063004
LUGASSON/lug00001286_560nm.tif,lug00001286_560nm.tif,44.7545521,-0.1672712,150.363007
LUGASSON/lug00001287_560nm.tif,lug00001287_560nm.tif,44.7547021,-0.1672267,149.563004
LUGASSON/lug00001288_560nm.tif,lug00001288_560nm.tif,44.7548528,-0.1671772,149.662994
LUGASSON/lug00001289_560nm.tif,lug00001289_560nm.tif,44.7550037,-0.1671318,150.162994
LUGASSON/lug00001290_560nm.tif,lug00001290_560nm.tif,44.7551525,-0.1670844,150.962997
LUGASSON/lug00001292_560nm.tif,lug00001292_560nm.tif,44.755464,-0.1669901,151.962997
LUGASSON/lug00001293_560nm.tif,lug00001293_560nm.tif,44.7556088,-0.1669666,152.063004
LUGASSON/lug00001294_560nm.tif,lug00001294_560nm.tif,44.7557578,-0.1669532,151.162994
LUGASSON/lug00001295_560nm.tif,lug00001295_560nm.tif,44.7559067,-0.1669368,150.063004
LUGASSON/lug00001296_560nm.tif,lug00001296_560nm.tif,44.756049,-0.1669201,149.662994
LUGASSON/lug00001297_560nm.tif,lug00001297_560nm.tif,44.7561922,-0.1668966,149.563004
LUGASSON/lug00001298_560nm.tif,lug00001298_560nm.tif,44.7563463,-0.1668647,149.263
LUGASSON/lug00001307_560nm.tif,lug00001307_560nm.tif,44.7557764,-0.1659341,147.162994
LUGASSON/lug00001313_560nm.tif,lug00001313_560nm.tif,44.7547504,-0.1667939,149.063004
LUGASSON/lug00001314_560nm.tif,lug00001314_560nm.tif,44.7545474,-0.1668524,150.462997
LUGASSON/lug00001316_560nm.tif,lug00001316_560nm.tif,44.7541178,-0.1669369,150.462997
LUGASSON/lug00001317_560nm.tif,lug00001317_560nm.tif,44.7538897,-0.1669872,149.763
LUGASSON/lug00001318_560nm.tif,lug00001318_560nm.tif,44.7536684,-0.1670379,149.662994
LUGASSON/lug00001319_560nm.tif,lug00001319_560nm.tif,44.7534361,-0.1671045,149.563004
LUGASSON/lug00001321_560nm.tif,lug00001321_560nm.tif,44.7529783,-0.1672229,150.263
LUGASSON/lug00001322_560nm.tif,lug00001322_560nm.tif,44.7527474,-0.167302,152.162994
LUGASSON/lug00001323_560nm.tif,lug00001323_560nm.tif,44.7525258,-0.1673774,153.063004
LUGASSON/lug00001324_560nm.tif,lug00001324_560nm.tif,44.7523201,-0.1674384,153.363007
LUGASSON/lug00001325_560nm.tif,lug00001325_560nm.tif,44.7521014,-0.1674832,154.263
LUGASSON/lug00001326_560nm.tif,lug00001326_560nm.tif,44.7518713,-0.1675213,154.962997
LUGASSON/lug00001327_560nm.tif,lug00001327_560nm.tif,44.7516571,-0.1675549,154.462997
LUGASSON/lug00001328_560nm.tif,lug00001328_560nm.tif,44.7514214,-0.1676067,154.162994
LUGASSON/lug00001329_560nm.tif,lug00001329_560nm.tif,44.7512139,-0.167655,154.462997
LUGASSON/lug00001330_560nm.tif,lug00001330_560nm.tif,44.7509841,-0.1676952,154.763
LUGASSON/lug00001331_560nm.tif,lug00001331_560nm.tif,44.7507688,-0.1677244,154.363007
LUGASSON/lug00001332_560nm.tif,lug00001332_560nm.tif,44.7505384,-0.1677654,153.363007
LUGASSON/lug00001333_560nm.tif,lug00001333_560nm.tif,44.75032,-0.1678294,151.662994
LUGASSON/lug00001334_560nm.tif,lug00001334_560nm.tif,44.7501081,-0.1678973,150.363007
LUGASSON/lug00001335_560nm.tif,lug00001335_560nm.tif,44.7498949,-0.1679578,149.563004
LUGASSON/lug00001336_560nm.tif,lug00001336_560nm.tif,44.7496876,-0.1680177,149.063004
LUGASSON/lug00001337_560nm.tif,lug00001337_560nm.tif,44.7494794,-0.1680711,148.363007
LUGASSON/lug00001338_560nm.tif,lug00001338_560nm.tif,44.7492697,-0.1681181,147.363007
LUGASSON/lug00001339_560nm.tif,lug00001339_560nm.tif,44.7490467,-0.1681632,146.263
LUGASSON/lug00001340_560nm.tif,lug00001340_560nm.tif,44.7488282,-0.1682016,145.462997
LUGASSON/lug00001341_560nm.tif,lug00001341_560nm.tif,44.7486203,-0.1682351,145.363007
LUGASSON/lug00001342_560nm.tif,lug00001342_560nm.tif,44.7483977,-0.1682815,145.263
LUGASSON/lug00001351_560nm.tif,lug00001351_560nm.tif,44.7482229,-0.1675339,142.662994
LUGASSON/lug00001355_560nm.tif,lug00001355_560nm.tif,44.7487391,-0.1678134,142.763
LUGASSON/lug00001356_560nm.tif,lug00001356_560nm.tif,44.7488907,-0.1677182,143.363007
LUGASSON/lug00001361_560nm.tif,lug00001361_560nm.tif,44.7496348,-0.1674897,143.763
LUGASSON/lug00001362_560nm.tif,lug00001362_560nm.tif,44.7497773,-0.1674967,143.363007
LUGASSON/lug00001363_560nm.tif,lug00001363_560nm.tif,44.7499197,-0.1675078,143.063004
LUGASSON/lug00001364_560nm.tif,lug00001364_560nm.tif,44.7500726,-0.1675108,142.462997
LUGASSON/lug00001365_560nm.tif,lug00001365_560nm.tif,44.7502271,-0.1674928,142.263
LUGASSON/lug00001366_560nm.tif,lug00001366_560nm.tif,44.75038,-0.1674554,142.563004
LUGASSON/lug00001367_560nm.tif,lug00001367_560nm.tif,44.7505395,-0.1674019,143.962997
LUGASSON/lug00001368_560nm.tif,lug00001368_560nm.tif,44.7506901,-0.1673545,144.863007
LUGASSON/lug00001369_560nm.tif,lug00001369_560nm.tif,44.7508378,-0.1673185,145.662994
LUGASSON/lug00001370_560nm.tif,lug00001370_560nm.tif,44.7509845,-0.1672969,146.363007
LUGASSON/lug00001371_560nm.tif,lug00001371_560nm.tif,44.7511418,-0.1672812,147.063004
LUGASSON/lug00001372_560nm.tif,lug00001372_560nm.tif,44.7512975,-0.1672673,146.962997
LUGASSON/lug00001373_560nm.tif,lug00001373_560nm.tif,44.7514586,-0.1672533,147.363007
LUGASSON/lug00001374_560nm.tif,lug00001374_560nm.tif,44.7516175,-0.1672336,147.063004
LUGASSON/lug00001375_560nm.tif,lug00001375_560nm.tif,44.751778,-0.1672017,146.863007
LUGASSON/lug00001378_560nm.tif,lug00001378_560nm.tif,44.7522768,-0.1670629,149.162994
LUGASSON/lug00001379_560nm.tif,lug00001379_560nm.tif,44.7524393,-0.1670548,149.763
LUGASSON/lug00001380_560nm.tif,lug00001380_560nm.tif,44.7526158,-0.1670171,149.662994
LUGASSON/lug00001381_560nm.tif,lug00001381_560nm.tif,44.7527962,-0.1669725,151.263
LUGASSON/lug00001382_560nm.tif,lug00001382_560nm.tif,44.752962,-0.1669299,153.462997
LUGASSON/lug00001383_560nm.tif,lug00001383_560nm.tif,44.7531251,-0.1668772,155.263
LUGASSON/lug00001384_560nm.tif,lug00001384_560nm.tif,44.7532847,-0.1668222,155.363007
LUGASSON/lug00001385_560nm.tif,lug00001385_560nm.tif,44.7534516,-0.1667678,155.363007
LUGASSON/lug00001388_560nm.tif,lug00001388_560nm.tif,44.7539097,-0.1666218,152.063004
LUGASSON/lug00001389_560nm.tif,lug00001389_560nm.tif,44.7540498,-0.1666048,150.063004
LUGASSON/lug00001390_560nm.tif,lug00001390_560nm.tif,44.7541969,-0.1665952,147.863007
LUGASSON/lug00001391_560nm.tif,lug00001391_560nm.tif,44.7543445,-0.1665807,146.763
LUGASSON/lug00001392_560nm.tif,lug00001392_560nm.tif,44.7544932,-0.1665665,146.462997
LUGASSON/lug00001393_560nm.tif,lug00001393_560nm.tif,44.7546485,-0.1665501,146.763
LUGASSON/lug00001394_560nm.tif,lug00001394_560nm.tif,44.7547908,-0.1665313,147.563004
LUGASSON/lug00001395_560nm.tif,lug00001395_560nm.tif,44.7549342,-0.1664989,147.863007
LUGASSON/lug00001396_560nm.tif,lug00001396_560nm.tif,44.7550797,-0.1664631,148.662994
LUGASSON/lug00001397_560nm.tif,lug00001397_560nm.tif,44.7552296,-0.1664264,148.563004
LUGASSON/lug00001398_560nm.tif,lug00001398_560nm.tif,44.7553827,-0.1663746,148.662994
LUGASSON/lug00001399_560nm.tif,lug00001399_560nm.tif,44.75555,-0.1663117,148.462997
LUGASSON/lug00001401_560nm.tif,lug00001401_560nm.tif,44.7558701,-0.1662325,149.263
LUGASSON/lug00001402_560nm.tif,lug00001402_560nm.tif,44.7560205,-0.166198,148.962997
LUGASSON/lug00001403_560nm.tif,lug00001403_560nm.tif,44.7561676,-0.1661623,148.063004
LUGASSON/lug00001412_560nm.tif,lug00001412_560nm.tif,44.7556273,-0.1652923,143.563004
LUGASSON/lug00001417_560nm.tif,lug00001417_560nm.tif,44.7548517,-0.166056,143.563004
LUGASSON/lug00001418_560nm.tif,lug00001418_560nm.tif,44.7546441,-0.1661233,144.363007
LUGASSON/lug00001419_560nm.tif,lug00001419_560nm.tif,44.7544462,-0.166174,144.162994
LUGASSON/lug00001420_560nm.tif,lug00001420_560nm.tif,44.75424,-0.1662225,143.763
LUGASSON/lug00001421_560nm.tif,lug00001421_560nm.tif,44.7540281,-0.1662709,143.462997
LUGASSON/lug00001422_560nm.tif,lug00001422_560nm.tif,44.7538222,-0.1663167,143.763
LUGASSON/lug00001423_560nm.tif,lug00001423_560nm.tif,44.7535993,-0.1663654,144.263
LUGASSON/lug00001424_560nm.tif,lug00001424_560nm.tif,44.7533792,-0.1664124,144.563004
LUGASSON/lug00001425_560nm.tif,lug00001425_560nm.tif,44.7531583,-0.1664603,144.462997
LUGASSON/lug00001426_560nm.tif,lug00001426_560nm.tif,44.7529525,-0.1665104,144.662994
LUGASSON/lug00001427_560nm.tif,lug00001427_560nm.tif,44.7527297,-0.1665664,144.863007
LUGASSON/lug00001428_560nm.tif,lug00001428_560nm.tif,44.7525042,-0.1666259,144.962997
LUGASSON/lug00001429_560nm.tif,lug00001429_560nm.tif,44.7522689,-0.1666797,145.162994
LUGASSON/lug00001430_560nm.tif,lug00001430_560nm.tif,44.7520495,-0.1667235,145.563004
LUGASSON/lug00001431_560nm.tif,lug00001431_560nm.tif,44.7518268,-0.1667752,145.662994
LUGASSON/lug00001432_560nm.tif,lug00001432_560nm.tif,44.7516022,-0.1668205,145.462997
LUGASSON/lug00001433_560nm.tif,lug00001433_560nm.tif,44.7513756,-0.1668695,145.263
LUGASSON/lug00001434_560nm.tif,lug00001434_560nm.tif,44.7511463,-0.1669349,146.063004
LUGASSON/lug00001435_560nm.tif,lug00001435_560nm.tif,44.7509059,-0.1670073,146.763
LUGASSON/lug00001437_560nm.tif,lug00001437_560nm.tif,44.750408,-0.1671245,146.962997
LUGASSON/lug00001452_560nm.tif,lug00001452_560nm.tif,44.7504068,-0.166777,142.962997
LUGASSON/lug00001457_560nm.tif,lug00001457_560nm.tif,44.7511178,-0.166469,145.662994
LUGASSON/lug00001458_560nm.tif,lug00001458_560nm.tif,44.7512572,-0.1664884,144.962997
LUGASSON/lug00001459_560nm.tif,lug00001459_560nm.tif,44.7513999,-0.1665044,144.462997
LUGASSON/lug00001460_560nm.tif,lug00001460_560nm.tif,44.7515426,-0.1664987,144.662994
LUGASSON/lug00001461_560nm.tif,lug00001461_560nm.tif,44.7516855,-0.1664751,145.363007
LUGASSON/lug00001462_560nm.tif,lug00001462_560nm.tif,44.7518327,-0.1664344,145.863007
LUGASSON/lug00001463_560nm.tif,lug00001463_560nm.tif,44.751986,-0.1663886,146.363007
LUGASSON/lug00001465_560nm.tif,lug00001465_560nm.tif,44.7523028,-0.1663178,145.962997
LUGASSON/lug00001466_560nm.tif,lug00001466_560nm.tif,44.7524687,-0.1662715,145.863007
LUGASSON/lug00001467_560nm.tif,lug00001467_560nm.tif,44.7526376,-0.1662261,146.162994
LUGASSON/lug00001468_560nm.tif,lug00001468_560nm.tif,44.7528047,-0.1661792,146.363007
LUGASSON/lug00001469_560nm.tif,lug00001469_560nm.tif,44.7529672,-0.1661385,147.462997
LUGASSON/lug00001470_560nm.tif,lug00001470_560nm.tif,44.7531383,-0.1661049,148.763
LUGASSON/lug00001471_560nm.tif,lug00001471_560nm.tif,44.7533107,-0.1660813,149.662994
LUGASSON/lug00001472_560nm.tif,lug00001472_560nm.tif,44.753478,-0.1660518,150.063004
LUGASSON/lug00001473_560nm.tif,lug00001473_560nm.tif,44.753658,-0.1660192,150.563004
LUGASSON/lug00001474_560nm.tif,lug00001474_560nm.tif,44.7538208,-0.1659948,150.962997
LUGASSON/lug00001475_560nm.tif,lug00001475_560nm.tif,44.7539872,-0.1659698,150.662994
LUGASSON/lug00001476_560nm.tif,lug00001476_560nm.tif,44.7541581,-0.1659255,149.962997
LUGASSON/lug00001477_560nm.tif,lug00001477_560nm.tif,44.7543202,-0.165879,148.763
LUGASSON/lug00001478_560nm.tif,lug00001478_560nm.tif,44.7544882,-0.1658378,147.863007
LUGASSON/lug00001479_560nm.tif,lug00001479_560nm.tif,44.7546613,-0.1658125,148.162994
LUGASSON/lug00001480_560nm.tif,lug00001480_560nm.tif,44.7548303,-0.1658028,149.563004
LUGASSON/lug00001481_560nm.tif,lug00001481_560nm.tif,44.7549916,-0.1657982,150.763
LUGASSON/lug00001482_560nm.tif,lug00001482_560nm.tif,44.7551564,-0.1657792,150.462997
LUGASSON/lug00001483_560nm.tif,lug00001483_560nm.tif,44.7553283,-0.1657655,148.763
LUGASSON/lug00001484_560nm.tif,lug00001484_560nm.tif,44.7555011,-0.1657198,147.363007
LUGASSON/lug00001485_560nm.tif,lug00001485_560nm.tif,44.7556766,-0.1656437,148.162994
LUGASSON/lug00001487_560nm.tif,lug00001487_560nm.tif,44.7560299,-0.1655321,154.462997
LUGASSON/lug00001502_560nm.tif,lug00001502_560nm.tif,44.7543798,-0.1654811,154.662994
LUGASSON/lug00001503_560nm.tif,lug00001503_560nm.tif,44.7541484,-0.1654998,154.763
LUGASSON/lug00001504_560nm.tif,lug00001504_560nm.tif,44.7539225,-0.1655229,153.363007
LUGASSON/lug00001505_560nm.tif,lug00001505_560nm.tif,44.7536903,-0.165571,152.763
LUGASSON/lug00001506_560nm.tif,lug00001506_560nm.tif,44.7534634,-0.1656346,151.962997
LUGASSON/lug00001508_560nm.tif,lug00001508_560nm.tif,44.7530324,-0.1657246,153.962997
LUGASSON/lug00001509_560nm.tif,lug00001509_560nm.tif,44.7528112,-0.1657651,154.662994
LUGASSON/lug00001510_560nm.tif,lug00001510_560nm.tif,44.7525848,-0.1658164,154.063004
LUGASSON/lug00001511_560nm.tif,lug00001511_560nm.tif,44.752354,-0.1658885,152.363007
LUGASSON/lug00001521_560nm.tif,lug00001521_560nm.tif,44.7521258,-0.1650413,151.962997
LUGASSON/lug00001522_560nm.tif,lug00001522_560nm.tif,44.7522275,-0.1652437,152.162994
LUGASSON/lug00001523_560nm.tif,lug00001523_560nm.tif,44.7523383,-0.1654286,151.363007
